--France
--TEXT
UPDATE Traits SET Description = 'LOC_TRAIT_CIVILIZATION_WONDER_TOURISM_DESCRIPTION_ZJ' WHERE TraitType = 'TRAIT_CIVILIZATION_WONDER_TOURISM';
UPDATE Traits SET Description = 'LOC_TRAIT_LEADER_FLYING_SQUADRON_DESCRIPTION_ZJ' WHERE TraitType = 'FLYING_SQUADRON_TRAIT';
-- UPDATE Technologies SET Description='LOC_TECH_CASTLES_DESCRIPTION_ZJ' WHERE TechnologyType='TECH_CASTLES';



INSERT INTO TraitModifiers (TraitType, ModifierId) VALUES 
('TRAIT_CIVILIZATION_WONDER_TOURISM', 'TRAIT_THEATER_PRODUCTION'),
('TRAIT_CIVILIZATION_WONDER_TOURISM', 'TRAIT_THEATER_BUILDINGS_PRODUCTION'),
('TRAIT_LEADER_MAGNIFICENCES', 'TRAIT_THEATER_CULTURE_BOMB');
INSERT INTO Modifiers (ModifierId, ModifierType, RunOnce, Permanent, NewOnly, OwnerRequirementSetId, SubjectRequirementSetId) VALUES 
('TRAIT_THEATER_PRODUCTION', 'MODIFIER_PLAYER_CITIES_ADJUST_DISTRICT_PRODUCTION', 0, 0, 0, NULL, NULL),
('TRAIT_THEATER_BUILDINGS_PRODUCTION', 'MODIFIER_PLAYER_CITIES_ADJUST_BUILDING_PRODUCTION', 0, 0, 0, NULL, NULL),
('TRAIT_THEATER_CULTURE_BOMB', 'MODIFIER_PLAYER_ADD_CULTURE_BOMB_TRIGGER', 0, 0, 0, NULL, NULL);
INSERT INTO ModifierArguments (ModifierId, Name, Value) VALUES 
('TRAIT_THEATER_PRODUCTION', 'DistrictType', 'DISTRICT_THEATER'), 
('TRAIT_THEATER_PRODUCTION', 'Amount', '100'),
('TRAIT_THEATER_BUILDINGS_PRODUCTION', 'DistrictType', 'DISTRICT_THEATER'), 
('TRAIT_THEATER_BUILDINGS_PRODUCTION', 'Amount', '100'),
('TRAIT_THEATER_CULTURE_BOMB', 'DistrictType', 'DISTRICT_THEATER');

INSERT OR REPLACE INTO RequirementSets (RequirementSetId, RequirementSetType) VALUES 
('PLAYER_HAS_CIVIC_CODE_OF_LAWS', 'REQUIREMENTSET_TEST_ALL'),
('PLAYER_HAS_CIVIC_CODE_OF_LAWS_AND_CAPITAL', 'REQUIREMENTSET_TEST_ALL');
INSERT OR REPLACE INTO RequirementSetRequirements (RequirementSetId, RequirementId) VALUES 
('PLAYER_HAS_CIVIC_CODE_OF_LAWS', 'REQUIRES__CIVIC_CODE_OF_LAWS'),
('PLAYER_HAS_CIVIC_CODE_OF_LAWS_AND_CAPITAL', 'REQUIRES__CIVIC_CODE_OF_LAWS'),
('PLAYER_HAS_CIVIC_CODE_OF_LAWS_AND_CAPITAL', 'REQUIRES_CAPITAL_CITY');
INSERT OR REPLACE INTO Requirements (RequirementId, RequirementType) VALUES 
('REQUIRES__CIVIC_CODE_OF_LAWS', 'REQUIREMENT_PLAYER_HAS_CIVIC');
INSERT OR REPLACE INTO RequirementArguments (RequirementId, Name, Value) VALUES 
('REQUIRES__CIVIC_CODE_OF_LAWS', 'CivicType', 'CIVIC_CODE_OF_LAWS');


--Black queen: SPY AND TRADER +2 sight (HD), code of law free spy and capacity 
UPDATE Modifiers SET SubjectRequirementSetId = 'PLAYER_HAS_CIVIC_CODE_OF_LAWS' WHERE ModifierId='UNIQUE_LEADER_ADD_SPY_CAPACITY';
UPDATE Modifiers SET OwnerRequirementSetId = 'PLAYER_HAS_CIVIC_CODE_OF_LAWS_AND_CAPITAL' WHERE ModifierId='UNIQUE_LEADER_ADD_SPY_UNIT';

insert or replace into Types (Type,	Kind) values
('ABILITY_SPY_AND_TRADER_BONUS_SIGHT', 'KIND_ABILITY');
insert or replace into TypeTags (Type, Tag) values
('ABILITY_SPY_AND_TRADER_BONUS_SIGHT', 'CLASS_SPY'),
('ABILITY_SPY_AND_TRADER_BONUS_SIGHT', 'CLASS_TRADER');
insert or replace into UnitAbilities (UnitAbilityType, Name, Description, Inactive) values
('ABILITY_SPY_AND_TRADER_BONUS_SIGHT', NULL, NULL, 1);
insert or replace into UnitAbilityModifiers (UnitAbilityType, ModifierId) values
('ABILITY_SPY_AND_TRADER_BONUS_SIGHT', 'CATHERINE_BONUS_SIGHT');
insert or replace into Modifiers(ModifierId, ModifierType, Permanent)values
('CATHERINE_BONUS_SIGHT', 'MODIFIER_PLAYER_UNIT_ADJUST_SIGHT', 1);
insert or replace into ModifierArguments (ModifierId, Name,	Value) values
('CATHERINE_BONUS_SIGHT', 'Amount',	2);

insert or replace into TraitModifiers (TraitType, ModifierId) values
('FLYING_SQUADRON_TRAIT', 'SPY_AND_TRADER_BONUS_SIGHT');
insert or replace into Modifiers (ModifierId, ModifierType, Permanent) values
('SPY_AND_TRADER_BONUS_SIGHT', 'MODIFIER_PLAYER_UNITS_GRANT_ABILITY', 1);
insert or replace into ModifierArguments (ModifierId, Name,	Value) values
('SPY_AND_TRADER_BONUS_SIGHT', 'AbilityType', 'ABILITY_SPY_AND_TRADER_BONUS_SIGHT');

-- +2 combat per level diplo visibility; spy instant establish
INSERT OR REPLACE INTO TraitModifiers (TraitType, ModifierId) VALUES
('FLYING_SQUADRON_TRAIT', 'TRAIT_SPIES_INSTANT_ESTABLISH'),
('FLYING_SQUADRON_TRAIT', 'TRAIT_DIPLO_VISIBILITY_LESS_COMBAT_MODIFIER');
INSERT INTO Modifiers (ModifierId, ModifierType) VALUES 
('TRAIT_SPIES_INSTANT_ESTABLISH', 'MODIFIER_PLAYER_UNITS_ADJUST_SPY_ESTABLISH_TIME'),
('TRAIT_DIPLO_VISIBILITY_LESS_COMBAT_MODIFIER',	'MODIFIER_PLAYER_UNITS_ADJUST_DIPLO_VISIBILITY_COMBAT_MODIFIER');
INSERT INTO ModifierArguments (ModifierId, Name, Value) VALUES 
('TRAIT_SPIES_INSTANT_ESTABLISH', 'ReductionPercent', '100' ),
('TRAIT_DIPLO_VISIBILITY_LESS_COMBAT_MODIFIER',	'Amount', '-1'),
('TRAIT_DIPLO_VISIBILITY_LESS_COMBAT_MODIFIER',	'DeltaWithOpponent', '1');

--leader eleanor unlock civic_drama_poetry
-- INSERT INTO TraitModifiers (TraitType, ModifierId) VALUES
-- ('TRAIT_LEADER_ELEANOR_LOYALTY', 'TRAIT_LEADER_ELEANOR_DRAMA_POETRY');

-- INSERT INTO Modifiers (ModifierId, ModifierType, RunOnce, Permanent, NewOnly, OwnerRequirementSetId, SubjectRequirementSetId) VALUES 
-- ('TRAIT_LEADER_ELEANOR_DRAMA_POETRY', 'MODIFIER_PLAYER_ADJUST_DISTRICT_UNLOCK', 0, 0, 0, NULL, NULL);

-- INSERT INTO ModifierArguments (ModifierId, Name, Value) VALUES 
-- ('TRAIT_LEADER_ELEANOR_DRAMA_POETRY', 'DistrictType', 'DISTRICT_THEATER' ),
-- ('TRAIT_LEADER_ELEANOR_DRAMA_POETRY', 'CivicType', 'CIVIC_CRAFTSMANSHIP' );