--policy update
--VETERANCY ALSO +30% PRODUCTION towards AERODROME
UPDATE Policies SET Description ='LOC_POLICY_VETERANCY_DESCRIPTION_ZJ' WHERE PolicyType = 'POLICY_VETERANCY';
INSERT OR REPLACE INTO PolicyModifiers (PolicyType, ModifierId) VALUES
('POLICY_VETERANCY', 'VETERANCY_AERODROME_PRODUCTION'),
('POLICY_VETERANCY', 'VETERANCY_AERODROME_BUILDINGS_PRODUCTION');
INSERT INTO Modifiers (ModifierId, ModifierType, RunOnce, Permanent, NewOnly, OwnerRequirementSetId, SubjectRequirementSetId) VALUES
('VETERANCY_AERODROME_PRODUCTION', 'MODIFIER_PLAYER_CITIES_ADJUST_DISTRICT_PRODUCTION', 0, 0, 0, NULL, NULL),
('VETERANCY_AERODROME_BUILDINGS_PRODUCTION', 'MODIFIER_PLAYER_CITIES_ADJUST_BUILDING_PRODUCTION', 0, 0, 0, NULL, NULL);
INSERT INTO ModifierArguments (ModifierId, Name, Value) VALUES 
('VETERANCY_AERODROME_PRODUCTION', 'DistrictType', 'DISTRICT_AERODROME'),
('VETERANCY_AERODROME_PRODUCTION', 'Amount', '30'),
('VETERANCY_AERODROME_BUILDINGS_PRODUCTION', 'DistrictType', 'DISTRICT_AERODROME'),
('VETERANCY_AERODROME_BUILDINGS_PRODUCTION', 'Amount', '30');

--Military Research: (Military Academies, Seaports, and Renaissance Walls generate +3 Science.
UPDATE Policies SET Description ='LOC_POLICY_MILITARY_RESEARCH_EXPANSION1_DESCRIPTION_ZJ' WHERE PolicyType = 'POLICY_MILITARY_RESEARCH';
UPDATE ModifierArguments SET Value=3 WHERE Name='Amount' AND ModifierId LIKE 'MILITARYRESEARCH_%';

--INTERNATIONAL_SPACE_AGENCY Aerodrome also +15% production to space projects
INSERT OR REPLACE INTO Policies (PolicyType, Description, PrereqCivic, Name, GovernmentSlotType) VALUES	
('POLICY_INTEGRATED_SPACE_CELL', 'LOC_POLICY_INTEGRATED_SPACE_CELL_DESCRIPTION_ZJ', 'CIVIC_SPACE_RACE', 'LOC_POLICY_INTEGRATED_SPACE_CELL_NAME', 'SLOT_MILITARY');
UPDATE Modifiers SET SubjectRequirementSetId = 'CITY_HAS_MILITARY_ACADEMY_OR_SEAPORT_OR_AERODROME' WHERE ModifierId = 'INTEGRATEDSPACECELL_SPACE_RACE_PROJECTS_PRODUCTION';

INSERT OR REPLACE INTO Requirements (RequirementId, RequirementType) VALUES	
('REQUIRES_CITY_HAS_HANGAR', 'REQUIREMENT_CITY_HAS_BUILDING');
INSERT OR REPLACE INTO RequirementArguments (RequirementId, Name, Value) VALUES 	
('REQUIRES_CITY_HAS_HANGAR', 'BuildingType', 'BUILDING_HANGAR');
INSERT OR REPLACE INTO RequirementSets (RequirementSetId, RequirementSetType) VALUES
('CITY_HAS_MILITARY_ACADEMY_OR_SEAPORT_OR_AERODROME', 'REQUIREMENTSET_TEST_ALL');	
INSERT OR REPLACE INTO RequirementSetRequirements (RequirementSetId, RequirementId) VALUES
('CITY_HAS_MILITARY_ACADEMY_OR_SEAPORT_OR_AERODROME', 'REQUIRES_CITY_HAS_MILITARY_ACADEMY'),
('CITY_HAS_MILITARY_ACADEMY_OR_SEAPORT_OR_AERODROME', 'REQUIRES_CITY_HAS_SEAPORT'),
('CITY_HAS_MILITARY_ACADEMY_OR_SEAPORT_OR_AERODROME', 'REQUIRES_CITY_HAS_HANGAR');


--new policy 
UPDATE Policies SET Description='LOC_POLICY_LIBERALISM_DESCRIPTION_ZJ' WHERE PolicyType='POLICY_LIBERALISM';
UPDATE ObsoletePolicies SET ObsoletePolicy='POLICY_LIBERALISM' WHERE PolicyType='POLICY_URBAN_PLANNING';
INSERT INTO PolicyModifiers (PolicyType, ModifierId) VALUES
('POLICY_LIBERALISM','LIBERALISM_ALLCITYPRODUCTION'),
('POLICY_LIBERALISM','LIBERALISM_ALLCITYFOOD');
INSERT INTO Modifiers (ModifierId, ModifierType) VALUES
('LIBERALISM_ALLCITYPRODUCTION', 'MODIFIER_PLAYER_CITIES_ADJUST_CITY_YIELD_CHANGE'),
('LIBERALISM_ALLCITYFOOD', 'MODIFIER_PLAYER_CITIES_ADJUST_CITY_YIELD_CHANGE');
INSERT INTO ModifierArguments (ModifierId, Name, Value) VALUES
('LIBERALISM_ALLCITYPRODUCTION', 'YieldType', 'YIELD_PRODUCTION'),
('LIBERALISM_ALLCITYPRODUCTION', 'Amount', '1'),
('LIBERALISM_ALLCITYFOOD', 'YieldType', 'YIELD_FOOD'),
('LIBERALISM_ALLCITYFOOD', 'Amount', '1');

