--TEXT
UPDATE GovernorPromotions SET Description = 'LOC_GOVERNOR_PROMOTION_MERCHANT_TAX_COLLECTOR_DESCRIPTION_ZJ' WHERE GovernorPromotionType = 'GOVERNOR_PROMOTION_MERCHANT_TAX_COLLECTOR';
UPDATE GovernorPromotions SET Description = 'LOC_GOVERNOR_PROMOTION_CARDINAL_BISHOP_DESCRIPTION_ZJ' WHERE GovernorPromotionType = 'GOVERNOR_PROMOTION_CARDINAL_BISHOP';
UPDATE GovernorPromotions SET Description = 'LOC_GOVERNOR_GOVERNOR_PROMOTION_CARDINAL_LAYING_ON_OF_HANDS_DESCRIPTION_ZJ' WHERE GovernorPromotionType = 'GOVERNOR_PROMOTION_CARDINAL_LAYING_ON_OF_HANDS';
UPDATE GovernorPromotions SET Description = 'LOC_GOVERNOR_PROMOTION_CARDINAL_GRAND_INQUISITOR_DESCRIPTION_ZJ' WHERE GovernorPromotionType = 'GOVERNOR_PROMOTION_CARDINAL_GRAND_INQUISITOR';
UPDATE GovernorPromotions SET Description = 'LOC_GOVERNOR_PROMOTION_REINFORCED_INFRASTRUCTURE_DESCRIPTION_ZJ' WHERE GovernorPromotionType = 'GOVERNOR_PROMOTION_REINFORCED_INFRASTRUCTURE';
UPDATE GovernorPromotions SET Description = 'LOC_GOVERNOR_PROMOTION_ZONING_COMMISSIONER_DESCRIPTION_ZJ' WHERE GovernorPromotionType = 'GOVERNOR_PROMOTION_ZONING_COMMISSIONER';
UPDATE GovernorPromotions SET Description = 'LOC_GOVERNOR_PROMOTION_CAPOU_AGHA_DESCRIPTION_ZJ' WHERE GovernorPromotionType = 'GOVERNOR_PROMOTION_CAPOU_AGHA';
UPDATE GovernorPromotions SET Description = 'LOC_GOVERNOR_PROMOTION_KHASS_ODA_BASHI_DESCRIPTION_ZJ' WHERE GovernorPromotionType = 'GOVERNOR_PROMOTION_KHASS_ODA_BASHI';


--Governors need less time to establish. 
update Governors set TransitionStrength = 450 where GovernorType = 'GOVERNOR_THE_DEFENDER';
update Governors set TransitionStrength = 150 where GovernorType = 'GOVERNOR_THE_AMBASSADOR';
update Governors set TransitionStrength = 150 where GovernorType = 'GOVERNOR_THE_CARDINAL';
update Governors set TransitionStrength = 150 where GovernorType = 'GOVERNOR_THE_RESOURCE_MANAGER';
update Governors set TransitionStrength = 150 where GovernorType = 'GOVERNOR_THE_BUILDER';
update Governors set TransitionStrength = 150 where GovernorType = 'GOVERNOR_THE_EDUCATOR';
update Governors set TransitionStrength = 150 where GovernorType = 'GOVERNOR_THE_MERCHANT';
update Governors set TransitionStrength = 150 where GovernorType = 'GOVERNOR_IBRAHIM';

--Reyna (Financier)
UPDATE ModifierArguments
    SET Value=4
    WHERE ModifierId='TAX_COLLECTOR_ADJUST_CITIZEN_GPT';

--Moksha (Cardinal)
UPDATE ModifierArguments 
    SET Value=3
    WHERE ModifierId = 'CARDINAL_BISHOP_FAITH_DISTRICT' AND Name = 'Amount';

UPDATE GovernorPromotionModifiers 
    SET ModifierId='CARDINAL_GRAND_INQUISITOR_HOLY_SITE_ADJUST' 
    WHERE GovernorPromotionType='GOVERNOR_PROMOTION_CARDINAL_GRAND_INQUISITOR' AND ModifierId='CARDINAL_GRAND_INQUISITOR_COMBAT';

INSERT INTO GovernorPromotionModifiers (GovernorPromotionType, ModifierId) VALUES
('GOVERNOR_PROMOTION_CARDINAL_LAYING_ON_OF_HANDS', 'CARDINAL_GRAND_INQUISITOR_COMBAT');
INSERT INTO Modifiers (ModifierId, ModifierType, RunOnce, Permanent, NewOnly, OwnerRequirementSetId, SubjectRequirementSetId) VALUES 
('CARDINAL_GRAND_INQUISITOR_HOLY_SITE_ADJUST', 'MODIFIER_CITY_DISTRICTS_ADJUST_YIELD_MODIFIER', 0, 0, 0, NULL, 'DISTRICT_IS_HOLY_SITE');
INSERT INTO ModifierArguments (ModifierId, Name, Value) VALUES
('CARDINAL_GRAND_INQUISITOR_HOLY_SITE_ADJUST', 'YieldType', 'YIELD_FAITH'), 
('CARDINAL_GRAND_INQUISITOR_HOLY_SITE_ADJUST', 'Amount', '100');

--Liang (Surveyor)
INSERT INTO GovernorPromotionModifiers (GovernorPromotionType, ModifierId) VALUES
('GOVERNOR_PROMOTION_ZONING_COMMISSIONER', 'ZONING_COMMISSIONER_FASTER_BUILDING_CONSTRUCTION'),
('GOVERNOR_PROMOTION_REINFORCED_INFRASTRUCTURE', 'REINFORCED_INFRASTRUCTURE_ADJUST_CITIZEN_PRODUCTION'),
('GOVERNOR_PROMOTION_REINFORCED_INFRASTRUCTURE', 'REINFORCED_INFRASTRUCTURE_ADJUST_CITIZEN_PRODUCTION_INDUSTRIALIZATION');
INSERT INTO Modifiers (ModifierId, ModifierType, RunOnce, Permanent, NewOnly, OwnerRequirementSetId, SubjectRequirementSetId) VALUES 
('ZONING_COMMISSIONER_FASTER_BUILDING_CONSTRUCTION', 'MODIFIER_SINGLE_CITY_ADJUST_BUILDING_PRODUCTION_MODIFIER', 0, 0, 0, NULL, NULL),
('REINFORCED_INFRASTRUCTURE_ADJUST_CITIZEN_PRODUCTION', 'MODIFIER_SINGLE_CITY_ADJUST_CITY_YIELD_PER_POPULATION', 0, 0, 0, NULL, NULL),
('REINFORCED_INFRASTRUCTURE_ADJUST_CITIZEN_PRODUCTION_INDUSTRIALIZATION', 'MODIFIER_SINGLE_CITY_ADJUST_CITY_YIELD_PER_POPULATION', 0, 0, 0, NULL, 'PLAYER_HAS_INDUSTRIALIZATION');
INSERT INTO ModifierArguments (ModifierId, Name, Value) VALUES
('ZONING_COMMISSIONER_FASTER_BUILDING_CONSTRUCTION', 'Amount', '20'),
('REINFORCED_INFRASTRUCTURE_ADJUST_CITIZEN_PRODUCTION', 'YieldType', 'YIELD_PRODUCTION'), 
('REINFORCED_INFRASTRUCTURE_ADJUST_CITIZEN_PRODUCTION', 'Amount', '1'),
('REINFORCED_INFRASTRUCTURE_ADJUST_CITIZEN_PRODUCTION_INDUSTRIALIZATION', 'YieldType', 'YIELD_PRODUCTION'), 
('REINFORCED_INFRASTRUCTURE_ADJUST_CITIZEN_PRODUCTION_INDUSTRIALIZATION', 'Amount', '1');

--Ibrahim buff
UPDATE ModifierArguments
SET Value=5
WHERE ModifierId='CAPOU_AGHA_ADJUST_GRIEVANCES' AND Name='Score';
UPDATE ModifierArguments
SET Value=4
WHERE ModifierId='KHASS_ODA_BASHI_ADJUST_ALLIANCE_POINTS';


