--TEXT
UPDATE GovernorPromotions SET Description = 'LOC_GOVERNOR_PROMOTION_MERCHANT_TAX_COLLECTOR_DESCRIPTION_ZJ' WHERE GovernorPromotionType = 'GOVERNOR_PROMOTION_MERCHANT_TAX_COLLECTOR';
UPDATE GovernorPromotions SET Description = 'LOC_GOVERNOR_PROMOTION_CARDINAL_BISHOP_DESCRIPTION_ZJ' WHERE GovernorPromotionType = 'GOVERNOR_PROMOTION_CARDINAL_BISHOP';
UPDATE GovernorPromotions SET Description = 'LOC_GOVERNOR_PROMOTION_CARDINAL_CITADEL_OF_GOD_DESCRIPTION_ZJ' WHERE GovernorPromotionType = 'GOVERNOR_PROMOTION_CARDINAL_CITADEL_OF_GOD';
UPDATE GovernorPromotions SET Description = 'LOC_GOVERNOR_GOVERNOR_PROMOTION_CARDINAL_LAYING_ON_OF_HANDS_DESCRIPTION_ZJ' WHERE GovernorPromotionType = 'GOVERNOR_PROMOTION_CARDINAL_LAYING_ON_OF_HANDS';
UPDATE GovernorPromotions SET Description = 'LOC_GOVERNOR_PROMOTION_CARDINAL_GRAND_INQUISITOR_DESCRIPTION_ZJ' WHERE GovernorPromotionType = 'GOVERNOR_PROMOTION_CARDINAL_GRAND_INQUISITOR';
UPDATE GovernorPromotions SET Description = 'LOC_GOVERNOR_PROMOTION_REINFORCED_INFRASTRUCTURE_DESCRIPTION_ZJ' WHERE GovernorPromotionType = 'GOVERNOR_PROMOTION_REINFORCED_INFRASTRUCTURE';
UPDATE GovernorPromotions SET Description = 'LOC_GOVERNOR_PROMOTION_ZONING_COMMISSIONER_DESCRIPTION_ZJ' WHERE GovernorPromotionType = 'GOVERNOR_PROMOTION_ZONING_COMMISSIONER';
UPDATE GovernorPromotions SET Description = 'LOC_GOVERNOR_PROMOTION_CAPOU_AGHA_DESCRIPTION_ZJ' WHERE GovernorPromotionType = 'GOVERNOR_PROMOTION_CAPOU_AGHA';
UPDATE GovernorPromotions SET Description = 'LOC_GOVERNOR_PROMOTION_KHASS_ODA_BASHI_DESCRIPTION_ZJ' WHERE GovernorPromotionType = 'GOVERNOR_PROMOTION_KHASS_ODA_BASHI';


--Governors need less time to establish.
UPDATE Governors SET TransitionStrength = 300 WHERE GovernorType = 'GOVERNOR_THE_DEFENDER';
UPDATE Governors SET TransitionStrength = 150 WHERE GovernorType = 'GOVERNOR_THE_AMBASSADOR';
UPDATE Governors SET TransitionStrength = 150 WHERE GovernorType = 'GOVERNOR_THE_CARDINAL';
UPDATE Governors SET TransitionStrength = 150 WHERE GovernorType = 'GOVERNOR_THE_RESOURCE_MANAGER';
UPDATE Governors SET TransitionStrength = 150 WHERE GovernorType = 'GOVERNOR_THE_BUILDER';
UPDATE Governors SET TransitionStrength = 150 WHERE GovernorType = 'GOVERNOR_THE_EDUCATOR';
UPDATE Governors SET TransitionStrength = 150 WHERE GovernorType = 'GOVERNOR_THE_MERCHANT';
UPDATE Governors SET TransitionStrength = 150 WHERE GovernorType = 'GOVERNOR_IBRAHIM';

--Reyna (Financier)
UPDATE ModifierArguments
    SET Value = 3
    WHERE ModifierId='TAX_COLLECTOR_ADJUST_CITIZEN_GPT';

--Moksha (Cardinal)
UPDATE ModifierArguments SET Value = 15 WHERE ModifierId = 'CARDINAL_CITADEL_OF_GOD_FAITH_FINISH_BUILDINGS' AND Name = 'BuildingProductionPercent';

INSERT OR REPLACE INTO GovernorPromotionModifiers (GovernorPromotionType, ModifierId) VALUES
('GOVERNOR_PROMOTION_CARDINAL_BISHOP', 'CARDINAL_CITADEL_OF_GOD_FAITH_FINISH_BUILDINGS'),
('GOVERNOR_PROMOTION_CARDINAL_GRAND_INQUISITOR', 'CARDINAL_GRAND_INQUISITOR__HOLYSITE_DOUBLE_ADJACENCY_FOUR_TILES'),
('GOVERNOR_PROMOTION_CARDINAL_CITADEL_OF_GOD', 'CARDINAL_CITADEL_OF_GOD_TRADE_ROUTE_FAITH'),
('GOVERNOR_PROMOTION_CARDINAL_LAYING_ON_OF_HANDS', 'CARDINAL_GRAND_INQUISITOR_COMBAT');
INSERT INTO Modifiers (ModifierId, ModifierType, RunOnce, Permanent, NewOnly, OwnerRequirementSetId, SubjectRequirementSetId) VALUES
('CARDINAL_CITADEL_OF_GOD_TRADE_ROUTE_FAITH', 'MODIFIER_SINGLE_CITY_ADJUST_TRADE_ROUTE_YIELD_TO_OTHERS', 0, 0, 0, NULL, NULL),
('CARDINAL_GRAND_INQUISITOR__HOLYSITE_DOUBLE_ADJACENCY_FOUR_TILES', 'MODIFIER_PLAYER_DISTRICTS_ADJUST_YIELD_MODIFIER', 0, 0, 0, NULL, 'DISTRICT_IS_HOLY_SITE_WITHIN_FOUR_TILES_REQUIREMENTS');
INSERT INTO ModifierArguments (ModifierId, Name, Value) VALUES
('CARDINAL_CITADEL_OF_GOD_TRADE_ROUTE_FAITH', 'YieldType', 'YIELD_FAITH'),
('CARDINAL_CITADEL_OF_GOD_TRADE_ROUTE_FAITH', 'Amount', '2'),
('CARDINAL_CITADEL_OF_GOD_TRADE_ROUTE_FAITH', 'Domestic', '0'),
('CARDINAL_GRAND_INQUISITOR__HOLYSITE_DOUBLE_ADJACENCY_FOUR_TILES', 'YieldType', 'YIELD_FAITH'),
('CARDINAL_GRAND_INQUISITOR__HOLYSITE_DOUBLE_ADJACENCY_FOUR_TILES', 'Amount', '100');

INSERT INTO RequirementSets (RequirementSetId, RequirementSetType) VALUES
('DISTRICT_IS_HOLY_SITE_WITHIN_FOUR_TILES_REQUIREMENTS', 'REQUIREMENTSET_TEST_ALL');
INSERT INTO RequirementSetRequirements (RequirementSetId, RequirementId) VALUES
('DISTRICT_IS_HOLY_SITE_WITHIN_FOUR_TILES_REQUIREMENTS', 'REQUIRES_PLOT_HAS_HOLY_SITE'),
('DISTRICT_IS_HOLY_SITE_WITHIN_FOUR_TILES_REQUIREMENTS', 'REQUIRES_WITHIN_FOUR_TILES_FROM_OWNER');
INSERT INTO Requirements (RequirementId, RequirementType) VALUES
('REQUIRES_WITHIN_FOUR_TILES_FROM_OWNER', 'REQUIREMENT_PLOT_ADJACENT_TO_OWNER');
INSERT INTO RequirementArguments (RequirementId, Name, Value) VALUES
('REQUIRES_WITHIN_FOUR_TILES_FROM_OWNER', 'MinDistance', 0),
('REQUIRES_WITHIN_FOUR_TILES_FROM_OWNER', 'MaxDistance', 4);

--Liang (Surveyor)
INSERT INTO GovernorPromotionModifiers (GovernorPromotionType, ModifierId) VALUES
('GOVERNOR_PROMOTION_ZONING_COMMISSIONER', 'ZONING_COMMISSIONER_FASTER_BUILDING_CONSTRUCTION'),
('GOVERNOR_PROMOTION_REINFORCED_INFRASTRUCTURE', 'REINFORCED_INFRASTRUCTURE_ADJUST_CITIZEN_PRODUCTION'),
('GOVERNOR_PROMOTION_REINFORCED_INFRASTRUCTURE', 'REINFORCED_INFRASTRUCTURE_ADJUST_CITIZEN_PRODUCTION_INDUSTRIALIZATION');
INSERT INTO Modifiers (ModifierId, ModifierType, RunOnce, Permanent, NewOnly, OwnerRequirementSetId, SubjectRequirementSetId) VALUES 
('ZONING_COMMISSIONER_FASTER_BUILDING_CONSTRUCTION', 'MODIFIER_SINGLE_CITY_ADJUST_BUILDING_PRODUCTION_MODIFIER', 0, 0, 0, NULL, NULL),
('REINFORCED_INFRASTRUCTURE_ADJUST_CITIZEN_PRODUCTION', 'MODIFIER_SINGLE_CITY_ADJUST_CITY_YIELD_PER_POPULATION', 0, 0, 0, NULL, NULL),
('REINFORCED_INFRASTRUCTURE_ADJUST_CITIZEN_PRODUCTION_INDUSTRIALIZATION', 'MODIFIER_SINGLE_CITY_ADJUST_CITY_YIELD_PER_POPULATION', 0, 0, 0, NULL, 'PLAYER_HAS_INDUSTRIALIZATION');
INSERT INTO ModifierArguments (ModifierId, Name, Value) VALUES
('ZONING_COMMISSIONER_FASTER_BUILDING_CONSTRUCTION', 'Amount', '20'),
('REINFORCED_INFRASTRUCTURE_ADJUST_CITIZEN_PRODUCTION', 'YieldType', 'YIELD_PRODUCTION'),
('REINFORCED_INFRASTRUCTURE_ADJUST_CITIZEN_PRODUCTION', 'Amount', '1'),
('REINFORCED_INFRASTRUCTURE_ADJUST_CITIZEN_PRODUCTION_INDUSTRIALIZATION', 'YieldType', 'YIELD_PRODUCTION'),
('REINFORCED_INFRASTRUCTURE_ADJUST_CITIZEN_PRODUCTION_INDUSTRIALIZATION', 'Amount', '1');

--Ibrahim buff
UPDATE ModifierArguments
SET Value=5
WHERE ModifierId='CAPOU_AGHA_ADJUST_GRIEVANCES' AND Name='Score';
UPDATE ModifierArguments
SET Value=4
WHERE ModifierId='KHASS_ODA_BASHI_ADJUST_ALLIANCE_POINTS';


