--for test
UPDATE Units
    SET BaseMoves=5
    WHERE UnitType='UNIT_SETTLER';

--BUILDING_GOV_TALL
UPDATE Buildings SET Description='LOC_BUILDING_GOV_TALL_DESCRIPTION_ZJ' WHERE BuildingType='BUILDING_GOV_TALL';

UPDATE Modifiers SET SubjectRequirementSetId=NULL WHERE ModifierId='GOV_TALL_HOUSING_BUFF';
UPDATE ModifierArguments SET Value='2' WHERE ModifierId='GOV_TALL_HOUSING_BUFF';
UPDATE BuildingModifiers SET ModifierId='GOV_TALL_CITIES_GAIN_YIELDS' WHERE BuildingType='BUILDING_GOV_TALL' AND ModifierId='GOV_TALL_AMENITY_BUFF';
UPDATE BuildingModifiers SET ModifierId='GOV_TALL_CITIES_LOSE_YIELDS_1' WHERE BuildingType='BUILDING_GOV_TALL' AND ModifierId='GOV_TALL_LOYALTY_DEBUFF';
INSERT INTO BuildingModifiers (BuildingType, ModifierId) VALUES
('BUILDING_GOV_TALL', 'GOV_TALL_CITIES_LOSE_YIELDS_2'),
('BUILDING_GOV_TALL', 'GOV_TALL_CITIES_LOSE_YIELDS_3'),
('BUILDING_GOV_TALL', 'GOV_TALL_CITIES_LOSE_YIELDS_4'),
('BUILDING_GOV_TALL', 'GOV_TALL_CITIES_LOSE_YIELDS_5');

INSERT INTO Modifiers (ModifierId, ModifierType, RunOnce, Permanent, NewOnly, OwnerRequirementSetId, SubjectRequirementSetId) VALUES 
('GOV_TALL_CITIES_GAIN_YIELDS', 'MODIFIER_PLAYER_CITIES_ADJUST_CITY_YIELD_MODIFIER_GRANCOLOMBIA_MAYA', 0, 0, 0, NULL, NULL),
('GOV_TALL_CITIES_LOSE_YIELDS_1', 'MODIFIER_PLAYER_CITIES_ADJUST_CITY_YIELD_MODIFIER_GRANCOLOMBIA_MAYA', 0, 0, 0, NULL, 'REQUIREMENT_PLAYER_HAS_2_CITIES'),
('GOV_TALL_CITIES_LOSE_YIELDS_2', 'MODIFIER_PLAYER_CITIES_ADJUST_CITY_YIELD_MODIFIER_GRANCOLOMBIA_MAYA', 0, 0, 0, NULL, 'REQUIREMENT_PLAYER_HAS_3_CITIES'),
('GOV_TALL_CITIES_LOSE_YIELDS_3', 'MODIFIER_PLAYER_CITIES_ADJUST_CITY_YIELD_MODIFIER_GRANCOLOMBIA_MAYA', 0, 0, 0, NULL, 'REQUIREMENT_PLAYER_HAS_4_CITIES'),
('GOV_TALL_CITIES_LOSE_YIELDS_4', 'MODIFIER_PLAYER_CITIES_ADJUST_CITY_YIELD_MODIFIER_GRANCOLOMBIA_MAYA', 0, 0, 0, NULL, 'REQUIREMENT_PLAYER_HAS_5_CITIES'),
('GOV_TALL_CITIES_LOSE_YIELDS_5', 'MODIFIER_PLAYER_CITIES_ADJUST_CITY_YIELD_MODIFIER_GRANCOLOMBIA_MAYA', 0, 0, 0, NULL, 'REQUIREMENT_PLAYER_HAS_6_CITIES');
INSERT INTO ModifierArguments (ModifierId, Name, Value) VALUES 
('GOV_TALL_CITIES_GAIN_YIELDS', 'YieldType', 'YIELD_PRODUCTION, YIELD_FOOD, YIELD_SCIENCE, YIELD_CULTURE, YIELD_GOLD, YIELD_FAITH'), 
('GOV_TALL_CITIES_GAIN_YIELDS', 'Amount', '200, 200, 200, 200, 200, 200'), 
('GOV_TALL_CITIES_LOSE_YIELDS_1', 'YieldType', 'YIELD_PRODUCTION, YIELD_FOOD, YIELD_SCIENCE, YIELD_CULTURE, YIELD_GOLD, YIELD_FAITH'), 
('GOV_TALL_CITIES_LOSE_YIELDS_1', 'Amount', '-50, -50, -50, -50, -50, -50'), 
('GOV_TALL_CITIES_LOSE_YIELDS_2', 'YieldType', 'YIELD_PRODUCTION, YIELD_FOOD, YIELD_SCIENCE, YIELD_CULTURE, YIELD_GOLD, YIELD_FAITH'), 
('GOV_TALL_CITIES_LOSE_YIELDS_2', 'Amount', '-50, -50, -50, -50, -50, -50'), 
('GOV_TALL_CITIES_LOSE_YIELDS_3', 'YieldType', 'YIELD_PRODUCTION, YIELD_FOOD, YIELD_SCIENCE, YIELD_CULTURE, YIELD_GOLD, YIELD_FAITH'), 
('GOV_TALL_CITIES_LOSE_YIELDS_3', 'Amount', '-50, -50, -50, -50, -50, -50'), 
('GOV_TALL_CITIES_LOSE_YIELDS_4', 'YieldType', 'YIELD_PRODUCTION, YIELD_FOOD, YIELD_SCIENCE, YIELD_CULTURE, YIELD_GOLD, YIELD_FAITH'), 
('GOV_TALL_CITIES_LOSE_YIELDS_4', 'Amount', '-50, -50, -50, -50, -50, -50'), 
('GOV_TALL_CITIES_LOSE_YIELDS_5', 'YieldType', 'YIELD_PRODUCTION, YIELD_FOOD, YIELD_SCIENCE, YIELD_CULTURE, YIELD_GOLD, YIELD_FAITH'), 
('GOV_TALL_CITIES_LOSE_YIELDS_5', 'Amount', '-50, -50, -50, -50, -50, -50');

INSERT INTO RequirementSets (RequirementSetId, RequirementSetType) VALUES 
('REQUIREMENT_PLAYER_HAS_2_CITIES', 'REQUIREMENTSET_TEST_ALL'),
('REQUIREMENT_PLAYER_HAS_3_CITIES', 'REQUIREMENTSET_TEST_ALL'),
('REQUIREMENT_PLAYER_HAS_4_CITIES', 'REQUIREMENTSET_TEST_ALL'),
('REQUIREMENT_PLAYER_HAS_5_CITIES', 'REQUIREMENTSET_TEST_ALL'),
('REQUIREMENT_PLAYER_HAS_6_CITIES', 'REQUIREMENTSET_TEST_ALL');
INSERT INTO RequirementSetRequirements (RequirementSetId, RequirementId) VALUES 
('REQUIREMENT_PLAYER_HAS_2_CITIES', 'REQUIRES_PLAYER_HAS_2_CITIES'),
('REQUIREMENT_PLAYER_HAS_3_CITIES', 'REQUIRES_PLAYER_HAS_3_CITIES'),
('REQUIREMENT_PLAYER_HAS_4_CITIES', 'REQUIRES_PLAYER_HAS_4_CITIES'),
('REQUIREMENT_PLAYER_HAS_5_CITIES', 'REQUIRES_PLAYER_HAS_5_CITIES'),
('REQUIREMENT_PLAYER_HAS_6_CITIES', 'REQUIRES_PLAYER_HAS_6_CITIES');
INSERT INTO Requirements (RequirementId, RequirementType) VALUES 
('REQUIRES_PLAYER_HAS_2_CITIES', 'REQUIREMENT_PLAYER_HAS_AT_LEAST_NUMBER_CITIES'),
('REQUIRES_PLAYER_HAS_3_CITIES', 'REQUIREMENT_PLAYER_HAS_AT_LEAST_NUMBER_CITIES'),
('REQUIRES_PLAYER_HAS_4_CITIES', 'REQUIREMENT_PLAYER_HAS_AT_LEAST_NUMBER_CITIES'),
('REQUIRES_PLAYER_HAS_5_CITIES', 'REQUIREMENT_PLAYER_HAS_AT_LEAST_NUMBER_CITIES'),
('REQUIRES_PLAYER_HAS_6_CITIES', 'REQUIREMENT_PLAYER_HAS_AT_LEAST_NUMBER_CITIES');
INSERT INTO RequirementArguments (RequirementId, Name, Value) VALUES 
('REQUIRES_PLAYER_HAS_2_CITIES', 'Amount', '2'),
('REQUIRES_PLAYER_HAS_3_CITIES', 'Amount', '3'),
('REQUIRES_PLAYER_HAS_4_CITIES', 'Amount', '4'),
('REQUIRES_PLAYER_HAS_5_CITIES', 'Amount', '5'),
('REQUIRES_PLAYER_HAS_6_CITIES', 'Amount', '6');