--Text
-- UPDATE Traits SET Description = 'LOC_TRAIT_LEADER_HWARANG_DESCRIPTION_ZJ' WHERE TraitType = 'TRAIT_LEADER_HWARANG';
UPDATE Traits SET Description = 'LOC_TRAIT_LEADER_SUNDIATA_KEITA_DESCRIPTION_ZJ' WHERE TraitType = 'TRAIT_LEADER_SUNDIATA_KEITA';
UPDATE Traits SET Description = 'LOC_TRAIT_LEADER_TOKUGAWA_DESCRIPTION_ZJ' WHERE TraitType = 'TRAIT_LEADER_TOKUGAWA';
UPDATE Traits SET Description = 'LOC_TRAIT_LEADER_LINCOLN_DESCRIPTION_ZJ' WHERE TraitType = 'TRAIT_LEADER_LINCOLN';

DELETE FROM TraitModifiers WHERE TraitType='TRAIT_LEADER_SUNDIATA_KEITA';

UPDATE ModifierArguments SET Value = '3' WHERE ModifierId = 'TOKUGAWA_POSITIVE_DOMESTIC_GOLD_DISTRICTS' AND Name = 'Amount';

INSERT INTO TraitModifiers (TraitType, ModifierId) VALUES 
-- ('TRAIT_LEADER_HWARANG','TRAIT_SEJONG_LIBARARY_GREAT_PERSON_POINT'),
-- ('TRAIT_LEADER_HWARANG','TRAIT_SEJONG_LIBARARY_GREAT_WORK_WRITING_SLOT'),
-- ('TRAIT_LEADER_HWARANG','TRAIT_SEJONG_GREAT_WORK_WRITING_SCIENCE'),
-- ('TRAIT_LEADER_HWARANG','TRAIT_SEJONG_GREAT_WORK_WRITING_CULTURE'),

('TRAIT_LEADER_SUNDIATA_KEITA','TRAIT_LEADER_SUNDIATA_KEITA_TRADE_ROUTES_SCIENCE'),
('TRAIT_LEADER_SUNDIATA_KEITA','TRAIT_LEADER_SUNDIATA_KEITA_TRADE_ROUTES_SCIENCE_GOLDEN_AGE'),
('TRAIT_LEADER_SUNDIATA_KEITA','TRAIT_LEADER_SUNDIATA_KEITA_TRADE_ROUTES_SCIENCE_MARKET'),
('TRAIT_LEADER_SUNDIATA_KEITA','TRAIT_LEADER_SUNDIATA_KEITA_TRADE_ROUTES_SCIENCE_BANK'),
('TRAIT_LEADER_SUNDIATA_KEITA','TRAIT_LEADER_SUNDIATA_KEITA_TRADE_ROUTES_SCIENCE_STOCK_EXCHANGE'),

('TRAIT_LEADER_TOKUGAWA', 'TRAIT_TOKUGAWA_GOVERNMENT_PRODUCTION'),
('TRAIT_LEADER_TOKUGAWA', 'TRAIT_TOKUGAWA_GOVERNMENT_BUILDINGS_PRODUCTION'),

('TRAIT_LEADER_WU_ZETIAN', 'TRAIT_LEADER_WU_ZETIAN_THEATER_AMENITIES'),
('TRAIT_LEADER_WU_ZETIAN', 'TRAIT_THEATER_DISTRICT_RIVER_ADJACENCY'),

('TRAIT_LEADER_LINCOLN', 'TRAIT_LINCOLN_INDUSTRIAL_ZONE_HOUSING'),
('TRAIT_LEADER_LINCOLN', 'TRAIT_LINCOLN_BOOST_INDUSTRIAL_ZONE_PRODUCTION'),
('TRAIT_LEADER_LINCOLN', 'TRAIT_LINCOLN_BOOST_INDUSTRIAL_ZONE_BUILDINGS_PRODUCTION');

INSERT INTO Modifiers (ModifierId, ModifierType, RunOnce, Permanent, NewOnly, OwnerRequirementSetId, SubjectRequirementSetId) VALUES
('TRAIT_SEJONG_LIBARARY_GREAT_PERSON_POINT', 'MODIFIER_PLAYER_CITIES_ADJUST_GREAT_PERSON_POINT', 0, 0, 0, NULL, 'BUILDING_IS_LIBRARY'),
('TRAIT_SEJONG_LIBARARY_GREAT_WORK_WRITING_SLOT', 'MODIFIER_PLAYER_CITIES_ADJUST_EXTRA_GREAT_WORK_SLOTS', 0, 0, 0, NULL, NULL),
('TRAIT_SEJONG_GREAT_WORK_WRITING_SCIENCE', 'MODIFIER_PLAYER_CITIES_ADJUST_GREATWORK_YIELD', 0, 0, 0, NULL, NULL),
('TRAIT_SEJONG_GREAT_WORK_WRITING_CULTURE', 'MODIFIER_PLAYER_CITIES_ADJUST_GREATWORK_YIELD', 0, 0, 0, NULL, NULL),

('TRAIT_LEADER_SUNDIATA_KEITA_TRADE_ROUTES_SCIENCE', 'MODIFIER_PLAYER_ADJUST_TRADE_ROUTE_YIELD_FOR_INTERNATIONAL', 0, 0, 0, NULL, NULL),
('TRAIT_LEADER_SUNDIATA_KEITA_TRADE_ROUTES_SCIENCE_GOLDEN_AGE', 'MODIFIER_PLAYER_ADJUST_TRADE_ROUTE_YIELD_FOR_INTERNATIONAL', 0, 0, 0, NULL, 'PLAYER_HAS_GOLDEN_AGE'),
('TRAIT_LEADER_SUNDIATA_KEITA_TRADE_ROUTES_SCIENCE_MARKET', 'MODIFIER_PLAYER_CITIES_ATTACH_MODIFIER', 0, 0, 0, NULL, NULL),
('TRAIT_LEADER_SUNDIATA_KEITA_TRADE_ROUTES_SCIENCE_BANK', 'MODIFIER_PLAYER_CITIES_ATTACH_MODIFIER', 0, 0, 0, NULL, NULL),
('TRAIT_LEADER_SUNDIATA_KEITA_TRADE_ROUTES_SCIENCE_STOCK_EXCHANGE', 'MODIFIER_PLAYER_CITIES_ATTACH_MODIFIER', 0, 0, 0, NULL, NULL),
('TRAIT_LEADER_SUNDIATA_KEITA_TRADE_ROUTES_SCIENCE_MODIFIER', 'MODIFIER_SINGLE_CITY_ADJUST_TRADE_ROUTE_YIELD_FOR_INTERNATIONAL', 0, 0, 0, NULL, NULL),
('TRAIT_LEADER_SUNDIATA_KEITA_TRADE_ROUTES_SCIENCE_MARKET_MODIFIER', 'MODIFIER_SINGLE_CITY_ADJUST_TRADE_ROUTE_YIELD_FOR_INTERNATIONAL', 0, 0, 0, NULL, 'CITY_HAS_MARKET'),
('TRAIT_LEADER_SUNDIATA_KEITA_TRADE_ROUTES_SCIENCE_BANK_MODIFIER', 'MODIFIER_SINGLE_CITY_ADJUST_TRADE_ROUTE_YIELD_FOR_INTERNATIONAL', 0, 0, 0, NULL, 'CITY_HAS_BANK'),
('TRAIT_LEADER_SUNDIATA_KEITA_TRADE_ROUTES_SCIENCE_STOCK_EXCHANGE_MODIFIER', 'MODIFIER_SINGLE_CITY_ADJUST_TRADE_ROUTE_YIELD_FOR_INTERNATIONAL', 0, 0, 0, NULL, 'CITY_HAS_STOCK_EXCHANGE'),

('TRAIT_TOKUGAWA_GOVERNMENT_PRODUCTION', 'MODIFIER_PLAYER_CITIES_ADJUST_DISTRICT_PRODUCTION', 0, 0, 0, NULL, NULL),
('TRAIT_TOKUGAWA_GOVERNMENT_BUILDINGS_PRODUCTION', 'MODIFIER_PLAYER_CITIES_ADJUST_BUILDING_PRODUCTION', 0, 0, 0, NULL, NULL),

('TRAIT_LEADER_WU_ZETIAN_THEATER_AMENITIES', 'MODIFIER_PLAYER_DISTRICTS_ADJUST_DISTRICT_AMENITY', 0, 0, 0, NULL, 'DISTRICT_IS_THEATER'),

('TRAIT_LINCOLN_INDUSTRIAL_ZONE_HOUSING', 'MODIFIER_PLAYER_DISTRICTS_ADJUST_HOUSING', 0, 0, 0, NULL, 'DISTRICT_IS_INDUSTRIAL_ZONE'),
('TRAIT_LINCOLN_BOOST_INDUSTRIAL_ZONE_PRODUCTION', 'MODIFIER_PLAYER_CITIES_ADJUST_DISTRICT_PRODUCTION', 0, 0, 0, NULL, NULL),
('TRAIT_LINCOLN_BOOST_INDUSTRIAL_ZONE_BUILDINGS_PRODUCTION', 'MODIFIER_PLAYER_CITIES_ADJUST_BUILDING_PRODUCTION', 0, 0, 0, NULL, NULL);

INSERT INTO ModifierArguments (ModifierId, Name, Value) VALUES 
('TRAIT_SEJONG_LIBARARY_GREAT_PERSON_POINT', 'GreatPersonClassType', 'GREAT_PERSON_CLASS_WRITER'),
('TRAIT_SEJONG_LIBARARY_GREAT_PERSON_POINT', 'Amount', '1'),
('TRAIT_SEJONG_LIBARARY_GREAT_WORK_WRITING_SLOT', 'BuildingType', 'BUILDING_LIBARARY'),
('TRAIT_SEJONG_LIBARARY_GREAT_WORK_WRITING_SLOT', 'GreatWorkSlotType', 'GREATWORKOBJECT_WRITING'),
('TRAIT_SEJONG_LIBARARY_GREAT_WORK_WRITING_SLOT', 'Amount', '1'),
('TRAIT_SEJONG_GREAT_WORK_WRITING_SCIENCE', 'GreatWorkObjectType', 'GREATWORKOBJECT_WRITING'),
('TRAIT_SEJONG_GREAT_WORK_WRITING_SCIENCE', 'YieldType', 'YIELD_SCIENCE'),
('TRAIT_SEJONG_GREAT_WORK_WRITING_SCIENCE', 'YieldChange', '2'),
('TRAIT_SEJONG_GREAT_WORK_WRITING_CULTURE', 'GreatWorkObjectType', 'GREATWORKOBJECT_WRITING'),
('TRAIT_SEJONG_GREAT_WORK_WRITING_CULTURE', 'YieldType', 'YIELD_CULTURE'),
('TRAIT_SEJONG_GREAT_WORK_WRITING_CULTURE', 'YieldChange', '2'),

('TRAIT_LEADER_SUNDIATA_KEITA_TRADE_ROUTES_SCIENCE', 'Amount', '2'),
('TRAIT_LEADER_SUNDIATA_KEITA_TRADE_ROUTES_SCIENCE', 'YieldType', 'YIELD_SCIENCE'),
('TRAIT_LEADER_SUNDIATA_KEITA_TRADE_ROUTES_SCIENCE_GOLDEN_AGE', 'Amount', '2'),
('TRAIT_LEADER_SUNDIATA_KEITA_TRADE_ROUTES_SCIENCE_GOLDEN_AGE', 'YieldType', 'YIELD_SCIENCE'),
('TRAIT_LEADER_SUNDIATA_KEITA_TRADE_ROUTES_SCIENCE_MARKET', 'ModifierId', 'TRAIT_LEADER_SUNDIATA_KEITA_TRADE_ROUTES_SCIENCE_MARKET_MODIFIER'),
('TRAIT_LEADER_SUNDIATA_KEITA_TRADE_ROUTES_SCIENCE_BANK', 'ModifierId', 'TRAIT_LEADER_SUNDIATA_KEITA_TRADE_ROUTES_SCIENCE_BANK_MODIFIER'),
('TRAIT_LEADER_SUNDIATA_KEITA_TRADE_ROUTES_SCIENCE_STOCK_EXCHANGE', 'ModifierId', 'TRAIT_LEADER_SUNDIATA_KEITA_TRADE_ROUTES_SCIENCE_STOCK_EXCHANGE_MODIFIER'),
('TRAIT_LEADER_SUNDIATA_KEITA_TRADE_ROUTES_SCIENCE_MODIFIER', 'Amount', '2'),
('TRAIT_LEADER_SUNDIATA_KEITA_TRADE_ROUTES_SCIENCE_MODIFIER', 'YieldType', 'YIELD_SCIENCE'),
('TRAIT_LEADER_SUNDIATA_KEITA_TRADE_ROUTES_SCIENCE_MARKET_MODIFIER', 'Amount', '2'),
('TRAIT_LEADER_SUNDIATA_KEITA_TRADE_ROUTES_SCIENCE_MARKET_MODIFIER', 'YieldType', 'YIELD_SCIENCE'),
('TRAIT_LEADER_SUNDIATA_KEITA_TRADE_ROUTES_SCIENCE_BANK_MODIFIER', 'Amount', '2'),
('TRAIT_LEADER_SUNDIATA_KEITA_TRADE_ROUTES_SCIENCE_BANK_MODIFIER', 'YieldType', 'YIELD_SCIENCE'),
('TRAIT_LEADER_SUNDIATA_KEITA_TRADE_ROUTES_SCIENCE_STOCK_EXCHANGE_MODIFIER', 'Amount', '2'),
('TRAIT_LEADER_SUNDIATA_KEITA_TRADE_ROUTES_SCIENCE_STOCK_EXCHANGE_MODIFIER', 'YieldType', 'YIELD_SCIENCE'),

('TRAIT_TOKUGAWA_GOVERNMENT_PRODUCTION', 'DistrictType', 'DISTRICT_GOVERNMENT'), 
('TRAIT_TOKUGAWA_GOVERNMENT_PRODUCTION', 'Amount', '100'),
('TRAIT_TOKUGAWA_GOVERNMENT_BUILDINGS_PRODUCTION', 'DistrictType', 'DISTRICT_GOVERNMENT'), 
('TRAIT_TOKUGAWA_GOVERNMENT_BUILDINGS_PRODUCTION', 'Amount', '100'),

('TRAIT_LEADER_WU_ZETIAN_THEATER_AMENITIES', 'Amount', '2'), 

('TRAIT_LINCOLN_INDUSTRIAL_ZONE_HOUSING', 'Amount', '2'), 
('TRAIT_LINCOLN_BOOST_INDUSTRIAL_ZONE_PRODUCTION', 'DistrictType', 'DISTRICT_INDUSTRIAL_ZONE'), 
('TRAIT_LINCOLN_BOOST_INDUSTRIAL_ZONE_PRODUCTION', 'Amount', '100'),
('TRAIT_LINCOLN_BOOST_INDUSTRIAL_ZONE_BUILDINGS_PRODUCTION', 'DistrictType', 'DISTRICT_INDUSTRIAL_ZONE'), 
('TRAIT_LINCOLN_BOOST_INDUSTRIAL_ZONE_BUILDINGS_PRODUCTION', 'Amount', '100');

-- RequirementSets
INSERT INTO RequirementSets (RequirementSetId, RequirementSetType) VALUES 
('CITY_HAS_MARKET', 'REQUIREMENTSET_TEST_ALL'),
('CITY_HAS_BANK', 'REQUIREMENTSET_TEST_ALL'),
('CITY_HAS_STOCK_EXCHANGE', 'REQUIREMENTSET_TEST_ALL');
INSERT INTO RequirementSetRequirements (RequirementSetId, RequirementId) VALUES 
('CITY_HAS_MARKET', 'REQUIREMENT_CITY_HAS_MARKET'),
('CITY_HAS_BANK', 'REQUIREMENT_CITY_HAS_BANK'),
('CITY_HAS_STOCK_EXCHANGE', 'REQUIREMENT_CITY_HAS_STOCK_EXCHANGE');

-- Requirements
INSERT INTO Requirements (RequirementId, RequirementType) VALUES 
('REQUIREMENT_CITY_HAS_MARKET', 'REQUIREMENT_CITY_HAS_BUILDING'),
('REQUIREMENT_CITY_HAS_BANK', 'REQUIREMENT_CITY_HAS_BUILDING'),
('REQUIREMENT_CITY_HAS_STOCK_EXCHANGE', 'REQUIREMENT_CITY_HAS_BUILDING');
INSERT INTO RequirementArguments (RequirementId, Name, Value) VALUES 
('REQUIREMENT_CITY_HAS_MARKET', 'BuildingType', 'BUILDING_MARKET'),
('REQUIREMENT_CITY_HAS_BANK', 'BuildingType', 'BUILDING_BANK'),
('REQUIREMENT_CITY_HAS_STOCK_EXCHANGE', 'BuildingType', 'BUILDING_STOCK_EXCHANGE');