------------------- Text -------------------
UPDATE Traits SET Description='LOC_TRAIT_LEADER_LAST_BEST_WEST_DESCRIPTION_ZJ' WHERE TraitType='TRAIT_LEADER_LAST_BEST_WEST'; --Wilfrid Laurier
UPDATE Traits SET Description='LOC_TRAIT_LEADER_LITHUANIAN_UNION_DESCRIPTION_ZJ' WHERE TraitType='TRAIT_LEADER_LITHUANIAN_UNION'; --Jadwiga
UPDATE Traits SET Description='LOC_TRAIT_RADIO_ORANJE_DESCRIPTION_ZJ' WHERE TraitType='TRAIT_RADIO_ORANJE'; --Wilhelmina
UPDATE Traits SET Description = 'LOC_TRAIT_LEADER_MUTAL_DESCRIPTION_ZJ' WHERE TraitType = 'TRAIT_LEADER_MUTAL';
UPDATE Traits SET Description = 'LOC_LEADER_ELEANOR_LOYALTY_DESCRIPTION_ZJ' WHERE TraitType = 'TRAIT_LEADER_ELEANOR_LOYALTY'; --Eleanor
UPDATE Traits SET Description = 'LOC_TRAIT_LEADER_KUBLAI_DESCRIPTION_ZJ' WHERE TraitType = 'TRAIT_LEADER_KUBLAI'; --Kublai Khan
UPDATE Traits SET Description = 'LOC_CIVILIZATION_LAST_PROPHET_DESCRIPTION_ZJ' WHERE TraitType = 'TRAIT_CIVILIZATION_LAST_PROPHET'; --Saladin
UPDATE Traits SET Description = 'LOC_TRAIT_LEADER_SULEIMAN_GOVERNOR_DESCRIPTION_ZJ'  WHERE TraitType = 'TRAIT_LEADER_SULEIMAN_GOVERNOR'; --Suleiman

------------------- Modifiers -------------------
DELETE FROM TraitModifiers 
    WHERE ModifierId LIKE "SNOW_%_FOOD"
    OR ModifierId LIKE "SNOW_%_PRODUCTION"
    OR ModifierId LIKE "SNOW_%_EXTRACTION"
    OR ModifierId = 'TUNDRA_RESOURCE_EXTRACTION'
    OR ModifierId = 'TUNDRA_HILLS_RESOURCE_EXTRACTION';

-- UPDATE Modifiers SET SubjectRequirementSetId = 'PLOT_HAS_TUNDRA_QUARRY_REQUIREMENTS' WHERE ModifierId = 'TUNDRA_MINES_PRODUCTION';
-- UPDATE Modifiers SET SubjectRequirementSetId = 'PLOT_HAS_TUNDRA_HILLS_QUARRY_REQUIREMENTS' WHERE ModifierId = 'TUNDRA_HILLS_MINES_PRODUCTION';

INSERT INTO ExcludedAdjacencies (TraitType, YieldChangeId) VALUES -- Jadwiga: 取消商业区默认的少量区域相邻加成
('TRAIT_LEADER_LITHUANIAN_UNION', 'District_Gold');

UPDATE Modifiers SET SubjectRequirementSetId = 'PLAYER_IS_MAJOR_CIV_KNOWN_10_TURNS' WHERE ModifierId = 'AGENDA_BILLIONAIRE_TRADE'; -- Wilhelmina: 不会见面就红脸
UPDATE ModifierArguments SET Value = '3' WHERE ModifierId = 'AGENDA_BILLIONAIRE_TRADE' AND Name = 'NoTradePenalty';
UPDATE ModifierArguments SET Value = '6' WHERE ModifierId = 'AGENDA_BILLIONAIRE_TRADE' AND Name = 'TradeBonus';

INSERT INTO TraitModifiers(TraitType, ModifierId) VALUES 
('TRAIT_LEADER_LAST_BEST_WEST', 'TRAIT_DIPLOMATIC_GOVERNMENT_SLOT'),

('TRAIT_LEADER_LITHUANIAN_UNION', 'TRAIT_ADJACENT_DISTRICTS_COMMERCIALHUB_ADJACENCYGOLD'),

('TRAIT_RADIO_ORANJE', 'TRAIT_INCOMING_TRADE_OFFER_CULTURE'),

('TRAIT_LEADER_ELEANOR_LOYALTY', 'TRAIT_AMPHITHEATER_CITY_CULTURE'), --Buildings in theater increase city culture by 15%
('TRAIT_LEADER_ELEANOR_LOYALTY', 'TRAIT_MUSEUM_ART_CITY_CULTURE'),
('TRAIT_LEADER_ELEANOR_LOYALTY', 'TRAIT_MUSEUM_ARTIFACT_CITY_CULTURE'),
('TRAIT_LEADER_ELEANOR_LOYALTY', 'TRAIT_BROADCAST_CENTER_CITY_CULTURE'),

('TRAIT_LEADER_KUBLAI', 'TRAIT_KUBLAI_ENCAMPMENT_DOMESTIC_TRADE_ROUTE_GOLD'),
('TRAIT_LEADER_KUBLAI', 'TRAIT_KUBLAI_ENCAMPMENT_INTERNATIONAL_TRADE_ROUTE_GOLD'),

('TRAIT_CIVILIZATION_LAST_PROPHET', 'TRAIT_HOLY_SITE_CULTURE_BOMB'),

('TRAIT_LEADER_SULEIMAN_GOVERNOR', 'TRAIT_GRAND_BAZAAR_GRANT_GOLD');

INSERT INTO Modifiers (ModifierId, ModifierType, RunOnce, Permanent, NewOnly, OwnerRequirementSetId, SubjectRequirementSetId) VALUES
('TRAIT_DIPLOMATIC_GOVERNMENT_SLOT', 'MODIFIER_PLAYER_CULTURE_ADJUST_GOVERNMENT_SLOTS_MODIFIER', 0, 0, 0, NULL, NULL),

('TRAIT_INCOMING_TRADE_OFFER_CULTURE', 'MODIFIER_PLAYER_CITIES_ADJUST_TRADE_ROUTE_YIELD_TO_OTHERS', 0, 0, 0, NULL, NULL),

('TRAIT_AMPHITHEATER_CITY_CULTURE', 'MODIFIER_PLAYER_CITIES_ADJUST_CITY_YIELD_MODIFIER', 0, 0, 0, NULL, 'CITY_HAS_AMPHITHEATER'),
('TRAIT_MUSEUM_ART_CITY_CULTURE', 'MODIFIER_PLAYER_CITIES_ADJUST_CITY_YIELD_MODIFIER', 0, 0, 0, NULL, 'CITY_HAS_MUSEUM_ART'),
('TRAIT_MUSEUM_ARTIFACT_CITY_CULTURE', 'MODIFIER_PLAYER_CITIES_ADJUST_CITY_YIELD_MODIFIER', 0, 0, 0, NULL, 'CITY_HAS_MUSEUM_ARTIFACT'),
('TRAIT_BROADCAST_CENTER_CITY_CULTURE', 'MODIFIER_PLAYER_CITIES_ADJUST_CITY_YIELD_MODIFIER', 0, 0, 0, NULL, 'CITY_HAS_BROADCAST_CENTER'),

('TRAIT_KUBLAI_ENCAMPMENT_DOMESTIC_TRADE_ROUTE_GOLD', 'MODIFIER_PLAYER_CITIES_ATTACH_MODIFIER', 0, 0, 0, NULL, NULL),
('TRAIT_KUBLAI_ENCAMPMENT_DOMESTIC_TRADE_ROUTE_GOLD_MODIFIER', 'MODIFIER_PLAYER_ADJUST_TRADE_ROUTE_YIELD_FOR_DOMESTIC', 0, 0, 0, NULL, 'CITY_HAS_ENCAMPMENT'),
('TRAIT_KUBLAI_ENCAMPMENT_INTERNATIONAL_TRADE_ROUTE_GOLD', 'MODIFIER_PLAYER_CITIES_ATTACH_MODIFIER', 0, 0, 0, NULL, NULL),
('TRAIT_KUBLAI_ENCAMPMENT_INTERNATIONAL_TRADE_ROUTE_GOLD_MODIFIER', 'MODIFIER_PLAYER_ADJUST_TRADE_ROUTE_YIELD_FOR_INTERNATIONAL', 0, 0, 0, NULL, 'CITY_HAS_ENCAMPMENT'),

('TRAIT_GRAND_BAZAAR_GRANT_GOLD', 'MODIFIER_PLAYER_GRANT_YIELD', 1, 0, 0, NULL, 'PLAYER_HAS_BUILDING_GRAND_BAZAAR');

INSERT OR REPLACE INTO ModifierArguments (ModifierId, Name, Value) VALUES 
('TRAIT_DIPLOMATIC_GOVERNMENT_SLOT', 'GovernmentSlotType', 'SLOT_DIPLOMATIC'),

('TRAIT_INCOMING_TRADE_OFFER_CULTURE', 'Amount', '2'),
('TRAIT_INCOMING_TRADE_OFFER_CULTURE', 'YieldType', 'YIELD_CULTURE'),

-- ('TRAIT_LEADER_NEARBY_CITIES_GAIN_YIELDS', 'Amount', '20, 20, 20, 20, 20, 20'),
-- ('TRAIT_LEADER_NEARBY_CITIES_LOSE_YIELDS', 'Amount', '20, 20, 20, 20, 20, 20'),
-- ('MUTAL_NEAR_CAPITAL_COMBAT', 'Amount', '7'),

('TRAIT_AMPHITHEATER_CITY_CULTURE', 'Amount', '15'),
('TRAIT_AMPHITHEATER_CITY_CULTURE', 'YieldType', 'YIELD_CULTURE'),
('TRAIT_MUSEUM_ART_CITY_CULTURE', 'Amount', '15'),
('TRAIT_MUSEUM_ART_CITY_CULTURE', 'YieldType', 'YIELD_CULTURE'),
('TRAIT_MUSEUM_ARTIFACT_CITY_CULTURE', 'Amount', '15'),
('TRAIT_MUSEUM_ARTIFACT_CITY_CULTURE', 'YieldType', 'YIELD_CULTURE'),
('TRAIT_BROADCAST_CENTER_CITY_CULTURE', 'Amount', '15'),
('TRAIT_BROADCAST_CENTER_CITY_CULTURE', 'YieldType', 'YIELD_CULTURE'),

('TRAIT_KUBLAI_ENCAMPMENT_DOMESTIC_TRADE_ROUTE_GOLD', 'ModifierId', 'TRAIT_KUBLAI_ENCAMPMENT_DOMESTIC_TRADE_ROUTE_GOLD_MODIFIER'),
('TRAIT_KUBLAI_ENCAMPMENT_DOMESTIC_TRADE_ROUTE_GOLD_MODIFIER', 'Amount', '2'),
('TRAIT_KUBLAI_ENCAMPMENT_DOMESTIC_TRADE_ROUTE_GOLD_MODIFIER', 'YieldType', 'YIELD_GOLD'),
('TRAIT_KUBLAI_ENCAMPMENT_INTERNATIONAL_TRADE_ROUTE_GOLD', 'ModifierId', 'TRAIT_KUBLAI_ENCAMPMENT_INTERNATIONAL_TRADE_ROUTE_GOLD_MODIFIER'),
('TRAIT_KUBLAI_ENCAMPMENT_INTERNATIONAL_TRADE_ROUTE_GOLD_MODIFIER', 'Amount', '3'),
('TRAIT_KUBLAI_ENCAMPMENT_INTERNATIONAL_TRADE_ROUTE_GOLD_MODIFIER', 'YieldType', 'YIELD_GOLD'),

('TRAIT_GRAND_BAZAAR_GRANT_GOLD', 'Amount', '880'),
('TRAIT_GRAND_BAZAAR_GRANT_GOLD', 'YieldType', 'YIELD_GOLD');

------------------- Requirements -------------------

INSERT INTO RequirementSets (RequirementSetId, RequirementSetType) VALUES 
('PLOT_HAS_TUNDRA_QUARRY_REQUIREMENTS', 'REQUIREMENTSET_TEST_ALL'),
('PLOT_HAS_TUNDRA_HILLS_QUARRY_REQUIREMENTS', 'REQUIREMENTSET_TEST_ALL'),

('CITY_HAS_AMPHITHEATER', 'REQUIREMENTSET_TEST_ALL'),
('CITY_HAS_MUSEUM_ART', 'REQUIREMENTSET_TEST_ALL'),
('CITY_HAS_MUSEUM_ARTIFACT', 'REQUIREMENTSET_TEST_ALL'),
('CITY_HAS_BROADCAST_CENTER', 'REQUIREMENTSET_TEST_ALL'),

('REQUIREMENT_PLOT_HAS_DESERT_REQUIREMENTS', 'REQUIREMENTSET_TEST_ALL'),
('REQUIREMENT_PLOT_HAS_DESERT_HILLS_REQUIREMENTS', 'REQUIREMENTSET_TEST_ALL'),

('PLAYER_HAS_BUILDING_GRAND_BAZAAR', 'REQUIREMENTSET_TEST_ALL');

INSERT INTO RequirementSetRequirements (RequirementSetId, RequirementId) VALUES 
('PLOT_HAS_TUNDRA_QUARRY_REQUIREMENTS', 'REQUIRES_PLOT_HAS_TUNDRA'),
('PLOT_HAS_TUNDRA_QUARRY_REQUIREMENTS', 'REQUIRES_PLOT_HAS_QUARRY'),
('PLOT_HAS_TUNDRA_HILLS_QUARRY_REQUIREMENTS', 'REQUIRES_PLOT_HAS_TUNDRA_HILLS'),
('PLOT_HAS_TUNDRA_HILLS_QUARRY_REQUIREMENTS', 'REQUIRES_PLOT_HAS_QUARRY'),

('CITY_HAS_AMPHITHEATER', 'REQUIREMENT_CITY_HAS_AMPHITHEATER'),
('CITY_HAS_MUSEUM_ART', 'REQUIREMENT_CITY_HAS_MUSEUM_ART'),
('CITY_HAS_MUSEUM_ARTIFACT', 'REQUIREMENT_CITY_HAS_MUSEUM_ARTIFACT'),
('CITY_HAS_BROADCAST_CENTER', 'REQUIREMENT_CITY_HAS_BROADCAST_CENTER'),

('PLAYER_HAS_BUILDING_GRAND_BAZAAR', 'REQUIREMENT_PLAYER_HAS_BUILDING_GRAND_BAZAAR');

INSERT INTO Requirements (RequirementId, RequirementType) VALUES 
('REQUIREMENT_CITY_HAS_AMPHITHEATER', 'REQUIREMENT_CITY_HAS_BUILDING'),
('REQUIREMENT_CITY_HAS_MUSEUM_ART', 'REQUIREMENT_CITY_HAS_BUILDING'),
('REQUIREMENT_CITY_HAS_MUSEUM_ARTIFACT', 'REQUIREMENT_CITY_HAS_BUILDING'),
('REQUIREMENT_CITY_HAS_BROADCAST_CENTER', 'REQUIREMENT_CITY_HAS_BUILDING'),

('REQUIREMENT_PLAYER_HAS_BUILDING_GRAND_BAZAAR', 'REQUIREMENT_PLAYER_HAS_BUILDING');

INSERT INTO RequirementArguments (RequirementId, Name, Value) VALUES 
('REQUIREMENT_CITY_HAS_AMPHITHEATER', 'BuildingType', 'BUILDING_AMPHITHEATER'),
('REQUIREMENT_CITY_HAS_MUSEUM_ART', 'BuildingType', 'BUILDING_MUSEUM_ART'),
('REQUIREMENT_CITY_HAS_MUSEUM_ARTIFACT', 'BuildingType', 'BUILDING_MUSEUM_ARTIFACT'),
('REQUIREMENT_CITY_HAS_BROADCAST_CENTER', 'BuildingType', 'BUILDING_BROADCAST_CENTER'),

('REQUIREMENT_PLAYER_HAS_BUILDING_GRAND_BAZAAR', 'BuildingType', 'BUILDING_GRAND_BAZAAR');
