------------------- Text -------------------
UPDATE Traits SET Description='LOC_TRAIT_LEADER_LAST_BEST_WEST_DESCRIPTION_ZJ' WHERE TraitType='TRAIT_LEADER_LAST_BEST_WEST'; --Wilfrid Laurier
UPDATE Traits SET Description='LOC_TRAIT_LEADER_LITHUANIAN_UNION_DESCRIPTION_ZJ' WHERE TraitType='TRAIT_LEADER_LITHUANIAN_UNION'; --Jadwiga
UPDATE Traits SET Description='LOC_TRAIT_RADIO_ORANJE_DESCRIPTION_ZJ' WHERE TraitType='TRAIT_RADIO_ORANJE'; --Wilhelmina
UPDATE Traits SET Description = 'LOC_TRAIT_LEADER_MUTAL_DESCRIPTION_ZJ' WHERE TraitType = 'TRAIT_LEADER_MUTAL';
UPDATE Traits SET Description = 'LOC_LEADER_ELEANOR_LOYALTY_DESCRIPTION_ZJ' WHERE TraitType = 'TRAIT_LEADER_ELEANOR_LOYALTY'; --Eleanor
UPDATE Traits SET Description = 'LOC_TRAIT_LEADER_KUBLAI_DESCRIPTION_ZJ' WHERE TraitType = 'TRAIT_LEADER_KUBLAI'; --Kublai Khan 
UPDATE Traits SET Description = 'LOC_CIVILIZATION_LAST_PROPHET_DESCRIPTION_ZJ' WHERE TraitType = 'TRAIT_CIVILIZATION_LAST_PROPHET'; --Saladin
UPDATE Traits SET Description = 'LOC_TRAIT_LEADER_SAHEL_MERCHANTS_DESCRIPTION_ZJ' WHERE TraitType = 'TRAIT_LEADER_SAHEL_MERCHANTS'; --Mansa Musa

------------------- Modifiers -------------------
DELETE FROM TraitModifiers 
    WHERE ModifierId LIKE "SNOW_%_FOOD"
    OR ModifierId LIKE "SNOW_%_PRODUCTION"
    OR ModifierId LIKE "SNOW_%_EXTRACTION"
    OR ModifierId = 'TUNDRA_RESOURCE_EXTRACTION'
    OR ModifierId = 'TUNDRA_HILLS_RESOURCE_EXTRACTION';

-- UPDATE Modifiers SET SubjectRequirementSetId = 'PLOT_HAS_TUNDRA_QUARRY_REQUIREMENTS' WHERE ModifierId = 'TUNDRA_MINES_PRODUCTION';
-- UPDATE Modifiers SET SubjectRequirementSetId = 'PLOT_HAS_TUNDRA_HILLS_QUARRY_REQUIREMENTS' WHERE ModifierId = 'TUNDRA_HILLS_MINES_PRODUCTION';

INSERT INTO ExcludedAdjacencies (TraitType, YieldChangeId) VALUES -- Jadwiga: 取消商业区默认的少量区域相邻加成
('TRAIT_LEADER_LITHUANIAN_UNION', 'District_Gold');

UPDATE Modifiers SET SubjectRequirementSetId = 'PLAYER_IS_MAJOR_CIV_KNOWN_10_TURNS' WHERE ModifierId = 'AGENDA_BILLIONAIRE_TRADE'; -- Wilhelmina: 不会见面就红脸
UPDATE ModifierArguments SET Value = '3' WHERE ModifierId = 'AGENDA_BILLIONAIRE_TRADE' AND Name = 'NoTradePenalty';
UPDATE ModifierArguments SET Value = '6' WHERE ModifierId = 'AGENDA_BILLIONAIRE_TRADE' AND Name = 'TradeBonus';

INSERT INTO TraitModifiers(TraitType, ModifierId) VALUES 
('TRAIT_LEADER_LAST_BEST_WEST', 'TRAIT_DIPLOMATIC_GOVERNMENT_SLOT'),

('TRAIT_LEADER_LITHUANIAN_UNION', 'TRAIT_ADJACENT_DISTRICTS_COMMERCIALHUB_ADJACENCYGOLD'),
('TRAIT_LEADER_LITHUANIAN_UNION', 'TRAIT_SUKIENNICE_GRANT_GOLD'),

('TRAIT_RADIO_ORANJE', 'TRAIT_INCOMING_TRADE_OFFER_CULTURE'),

('TRAIT_LEADER_ELEANOR_LOYALTY', 'TRAIT_REPLACE_ECONOMY_SLOT_WITH_WILDCARD'),

('TRAIT_LEADER_KUBLAI', 'TRAIT_KUBLAI_FIRST_ENCAMPMENT_TRADE_ROUTE'),
('TRAIT_LEADER_KUBLAI', 'TRAIT_KUBLAI_ENCAMPMENT_TRADE_ROUTE_GOLD'),

('TRAIT_CIVILIZATION_LAST_PROPHET', 'TRAIT_HOLY_SITE_CULTURE_BOMB'),

('TRAIT_LEADER_SAHEL_MERCHANTS', 'TRAIT_INCREASED_DESERT_GOLD'),
('TRAIT_LEADER_SAHEL_MERCHANTS', 'TRAIT_INCREASED_DESERT_HILLS_GOLD');

INSERT INTO Modifiers (ModifierId, ModifierType, RunOnce, Permanent, NewOnly, OwnerRequirementSetId, SubjectRequirementSetId) VALUES
('TRAIT_DIPLOMATIC_GOVERNMENT_SLOT', 'MODIFIER_PLAYER_CULTURE_ADJUST_GOVERNMENT_SLOTS_MODIFIER', 0, 0, 0, NULL, NULL),

('TRAIT_SUKIENNICE_GRANT_GOLD', 'MODIFIER_PLAYER_GRANT_YIELD', 1, 0, 0, NULL, 'REQUIREMENT_PLAYER_HAS_BUILDING_SUKIENNICE'),

('TRAIT_INCOMING_TRADE_OFFER_CULTURE', 'MODIFIER_PLAYER_CITIES_ADJUST_TRADE_ROUTE_YIELD_TO_OTHERS', 0, 0, 0, NULL, NULL),

('TRAIT_REPLACE_ECONOMY_SLOT_WITH_WILDCARD', 'MODIFIER_PLAYER_CULTURE_REPLACE_GOVERNMENT_SLOTS', 0, 0, 0, NULL, NULL),

('TRAIT_KUBLAI_FIRST_ENCAMPMENT_TRADE_ROUTE', 'MODIFIER_PLAYER_ADJUST_TRADE_ROUTE_CAPACITY', 1, 0, 0, NULL, 'REQUIREMENT_PLAYER_HAS_DISTRICT_ENCAMPMENT'),
('TRAIT_KUBLAI_ENCAMPMENT_TRADE_ROUTE_GOLD', 'MODIFIER_PLAYER_CITIES_ATTACH_MODIFIER', 0, 0, 0, NULL, NULL),
('TRAIT_KUBLAI_ENCAMPMENT_TRADE_ROUTE_GOLD_MODIFIER', 'MODIFIER_PLAYER_ADJUST_TRADE_ROUTE_YIELD_FOR_INTERNATIONAL', 0, 0, 0, NULL, 'CITY_HAS_ENCAMPMENT'),

('TRAIT_INCREASED_DESERT_GOLD', 'MODIFIER_PLAYER_ADJUST_PLOT_YIELD', 0, 0, 0, NULL, 'REQUIREMENT_PLOT_HAS_DESERT_REQUIREMENTS'),
('TRAIT_INCREASED_DESERT_HILLS_GOLD', 'MODIFIER_PLAYER_ADJUST_PLOT_YIELD', 0, 0, 0, NULL, 'REQUIREMENT_PLOT_HAS_DESERT_HILLS_REQUIREMENTS');

INSERT OR REPLACE INTO ModifierArguments (ModifierId, Name, Value) VALUES 
('TRAIT_DIPLOMATIC_GOVERNMENT_SLOT', 'GovernmentSlotType', 'SLOT_DIPLOMATIC'),

('TRAIT_SUKIENNICE_GRANT_GOLD', 'Amount', '480'),
('TRAIT_SUKIENNICE_GRANT_GOLD', 'YieldType', 'YIELD_GOLD'),

('TRAIT_INCOMING_TRADE_OFFER_CULTURE', 'Amount', '2'),
('TRAIT_INCOMING_TRADE_OFFER_CULTURE', 'YieldType', 'YIELD_CULTURE'),

-- ('TRAIT_LEADER_NEARBY_CITIES_GAIN_YIELDS', 'Amount', '20, 20, 20, 20, 20, 20'),
-- ('TRAIT_LEADER_NEARBY_CITIES_LOSE_YIELDS', 'Amount', '20, 20, 20, 20, 20, 20'),
-- ('MUTAL_NEAR_CAPITAL_COMBAT', 'Amount', '7'),

('TRAIT_REPLACE_ECONOMY_SLOT_WITH_WILDCARD', 'AddedGovernmentSlotType', 'SLOT_WILDCARD'),
('TRAIT_REPLACE_ECONOMY_SLOT_WITH_WILDCARD', 'ReplacedGovernmentSlotType', 'SLOT_ECONOMIC'),

('TRAIT_KUBLAI_FIRST_ENCAMPMENT_TRADE_ROUTE', 'Amount', '1'),
('TRAIT_KUBLAI_ENCAMPMENT_TRADE_ROUTE_GOLD', 'ModifierId', 'TRAIT_KUBLAI_ENCAMPMENT_TRADE_ROUTE_GOLD_MODIFIER'),
('TRAIT_KUBLAI_ENCAMPMENT_TRADE_ROUTE_GOLD_MODIFIER', 'Intercontinental', '0'),
('TRAIT_KUBLAI_ENCAMPMENT_TRADE_ROUTE_GOLD_MODIFIER', 'Amount', '3'),
('TRAIT_KUBLAI_ENCAMPMENT_TRADE_ROUTE_GOLD_MODIFIER', 'YieldType', 'YIELD_GOLD'),

('TRAIT_INCREASED_DESERT_GOLD', 'YieldType', 'YIELD_GOLD'),
('TRAIT_INCREASED_DESERT_GOLD', 'Amount', '2'),
('TRAIT_INCREASED_DESERT_HILLS_GOLD', 'YieldType', 'YIELD_GOLD'),
('TRAIT_INCREASED_DESERT_HILLS_GOLD', 'Amount', '2');

------------------- Requirements -------------------

INSERT INTO RequirementSets (RequirementSetId, RequirementSetType) VALUES 
('PLOT_HAS_TUNDRA_QUARRY_REQUIREMENTS', 'REQUIREMENTSET_TEST_ALL'),
('PLOT_HAS_TUNDRA_HILLS_QUARRY_REQUIREMENTS', 'REQUIREMENTSET_TEST_ALL'),

('REQUIREMENT_PLAYER_HAS_BUILDING_SUKIENNICE', 'REQUIREMENTSET_TEST_ALL'),

('REQUIREMENT_PLAYER_HAS_DISTRICT_ENCAMPMENT', 'REQUIREMENTSET_TEST_ALL'),

('REQUIREMENT_PLOT_HAS_DESERT_REQUIREMENTS', 'REQUIREMENTSET_TEST_ALL'),
('REQUIREMENT_PLOT_HAS_DESERT_HILLS_REQUIREMENTS', 'REQUIREMENTSET_TEST_ALL');

INSERT INTO RequirementSetRequirements (RequirementSetId, RequirementId) VALUES 
('PLOT_HAS_TUNDRA_QUARRY_REQUIREMENTS', 'REQUIRES_PLOT_HAS_TUNDRA'),
('PLOT_HAS_TUNDRA_QUARRY_REQUIREMENTS', 'REQUIRES_PLOT_HAS_QUARRY'),
('PLOT_HAS_TUNDRA_HILLS_QUARRY_REQUIREMENTS', 'REQUIRES_PLOT_HAS_TUNDRA_HILLS'),
('PLOT_HAS_TUNDRA_HILLS_QUARRY_REQUIREMENTS', 'REQUIRES_PLOT_HAS_QUARRY'),

('REQUIREMENT_PLAYER_HAS_BUILDING_SUKIENNICE', 'PLAYER_HAS_BUILDING_SUKIENNICE'),

('REQUIREMENT_PLAYER_HAS_DISTRICT_ENCAMPMENT', 'PLAYER_HAS_DISTRICT_ENCAMPMENT'),

('REQUIREMENT_PLOT_HAS_DESERT_REQUIREMENTS', 'REQUIRES_PLOT_HAS_DESERT'),
('REQUIREMENT_PLOT_HAS_DESERT_HILLS_REQUIREMENTS', 'REQUIRES_PLOT_HAS_DESERT_HILLS');

INSERT INTO Requirements (RequirementId, RequirementType) VALUES 
('PLAYER_HAS_BUILDING_SUKIENNICE', 'REQUIREMENT_PLAYER_HAS_BUILDING'),

('PLAYER_HAS_DISTRICT_ENCAMPMENT', 'REQUIREMENT_PLAYER_HAS_DISTRICT');

INSERT INTO RequirementArguments (RequirementId, Name, Value) VALUES 
('PLAYER_HAS_BUILDING_SUKIENNICE', 'BuildingType', 'BUILDING_SUKIENNICE'),

('PLAYER_HAS_DISTRICT_ENCAMPMENT', 'DistrictType', 'DISTRICT_ENCAMPMENT');
