--TEXT
UPDATE Traits SET Description = 'LOC_LEADER_ELEANOR_LOYALTY_DESCRIPTION_ZJ' WHERE TraitType = 'TRAIT_LEADER_ELEANOR_LOYALTY';
UPDATE Traits SET Description = 'LOC_TRAIT_LEADER_KUBLAI_DESCRIPTION_ZJ' WHERE TraitType = 'TRAIT_LEADER_KUBLAI';
UPDATE Traits SET Description = 'LOC_CIVILIZATION_LAST_PROPHET_DESCRIPTION_ZJ' WHERE TraitType = 'TRAIT_CIVILIZATION_LAST_PROPHET';
UPDATE Traits SET Description = 'LOC_TRAIT_LEADER_SAHEL_MERCHANTS_DESCRIPTION_ZJ' WHERE TraitType = 'TRAIT_LEADER_SAHEL_MERCHANTS';

--Eleanor
INSERT INTO TraitModifiers(TraitType, ModifierId) VALUES 
('TRAIT_LEADER_ELEANOR_LOYALTY', 'TRAIT_REPLACE_ECONOMY_SLOT_WITH_WILDCARD');
INSERT INTO Modifiers (ModifierId, ModifierType, RunOnce, Permanent, NewOnly, OwnerRequirementSetId, SubjectRequirementSetId) VALUES
('TRAIT_REPLACE_ECONOMY_SLOT_WITH_WILDCARD', 'MODIFIER_PLAYER_CULTURE_REPLACE_GOVERNMENT_SLOTS', 0, 0, 0, NULL, NULL);
INSERT INTO ModifierArguments (ModifierId, Name, Value) VALUES 
('TRAIT_REPLACE_ECONOMY_SLOT_WITH_WILDCARD', 'AddedGovernmentSlotType', 'SLOT_WILDCARD'),
('TRAIT_REPLACE_ECONOMY_SLOT_WITH_WILDCARD', 'ReplacedGovernmentSlotType', 'SLOT_ECONOMIC');


--Kublai Khan 
INSERT INTO TraitModifiers(TraitType, ModifierId) VALUES 
('TRAIT_LEADER_KUBLAI', 'TRAIT_KUBLAI_FIRST_ENCAMPMENT_TRADE_ROUTE'),
('TRAIT_LEADER_KUBLAI', 'TRAIT_KUBLAI_ENCAMPMENT_TRADE_ROUTE_GOLD');
INSERT INTO Modifiers (ModifierId, ModifierType, RunOnce, Permanent, NewOnly, OwnerRequirementSetId, SubjectRequirementSetId) VALUES
('TRAIT_KUBLAI_FIRST_ENCAMPMENT_TRADE_ROUTE', 'MODIFIER_PLAYER_ADJUST_TRADE_ROUTE_CAPACITY', 1, 0, 0, NULL, 'REQUIREMENT_PLAYER_HAS_DISTRICT_ENCAMPMENT'),
('TRAIT_KUBLAI_ENCAMPMENT_TRADE_ROUTE_GOLD', 'MODIFIER_PLAYER_CITIES_ATTACH_MODIFIER', 0, 0, 0, NULL, NULL),
('TRAIT_KUBLAI_ENCAMPMENT_TRADE_ROUTE_GOLD_MODIFIER', 'MODIFIER_PLAYER_ADJUST_TRADE_ROUTE_YIELD_FOR_INTERNATIONAL', 0, 0, 0, NULL, 'CITY_HAS_ENCAMPMENT');
INSERT INTO ModifierArguments (ModifierId, Name, Value) VALUES 
('TRAIT_KUBLAI_FIRST_ENCAMPMENT_TRADE_ROUTE', 'Amount', '1'),
('TRAIT_KUBLAI_ENCAMPMENT_TRADE_ROUTE_GOLD', 'ModifierId', 'TRAIT_KUBLAI_ENCAMPMENT_TRADE_ROUTE_GOLD_MODIFIER'),
('TRAIT_KUBLAI_ENCAMPMENT_TRADE_ROUTE_GOLD_MODIFIER', 'Amount', '3'),
('TRAIT_KUBLAI_ENCAMPMENT_TRADE_ROUTE_GOLD_MODIFIER', 'YieldType', 'YIELD_GOLD');

INSERT INTO RequirementSets (RequirementSetId, RequirementSetType) VALUES 
('REQUIREMENT_PLAYER_HAS_DISTRICT_ENCAMPMENT', 'REQUIREMENTSET_TEST_ALL');
INSERT INTO RequirementSetRequirements (RequirementSetId, RequirementId) VALUES 
('REQUIREMENT_PLAYER_HAS_DISTRICT_ENCAMPMENT', 'PLAYER_HAS_DISTRICT_ENCAMPMENT');
INSERT INTO Requirements (RequirementId, RequirementType) VALUES 
('PLAYER_HAS_DISTRICT_ENCAMPMENT', 'REQUIREMENT_PLAYER_HAS_DISTRICT');
INSERT INTO RequirementArguments (RequirementId, Name, Value) VALUES 
('PLAYER_HAS_DISTRICT_ENCAMPMENT', 'DistrictType', 'DISTRICT_ENCAMPMENT');

--Saladin
INSERT INTO TraitModifiers(TraitType, ModifierId) VALUES 
('TRAIT_CIVILIZATION_LAST_PROPHET', 'TRAIT_HOLY_SITE_CULTURE_BOMB');

--Mansa Musa
INSERT OR REPLACE INTO TraitModifiers(TraitType, ModifierId) VALUES 
('TRAIT_LEADER_SAHEL_MERCHANTS', 'TRAIT_INCREASED_DESERT_GOLD'),
('TRAIT_LEADER_SAHEL_MERCHANTS', 'TRAIT_INCREASED_DESERT_HILLS_GOLD');

INSERT INTO Modifiers (ModifierId, ModifierType, RunOnce, Permanent, NewOnly, OwnerRequirementSetId, SubjectRequirementSetId) VALUES 
('TRAIT_INCREASED_DESERT_GOLD', 'MODIFIER_PLAYER_ADJUST_PLOT_YIELD', 0, 0, 0, NULL, 'MALI_PLOT_HAS_DESERT_REQUIREMENTS'),
('TRAIT_INCREASED_DESERT_HILLS_GOLD', 'MODIFIER_PLAYER_ADJUST_PLOT_YIELD', 0, 0, 0, NULL, 'MALI_PLOT_HAS_DESERT_HILLS_REQUIREMENTS');
INSERT OR REPLACE INTO ModifierArguments(ModifierId, Name, Value) VALUES 
('TRAIT_INCREASED_DESERT_GOLD', 'YieldType', 'YIELD_GOLD'),
('TRAIT_INCREASED_DESERT_GOLD', 'Amount', '2'),
('TRAIT_INCREASED_DESERT_HILLS_GOLD', 'YieldType', 'YIELD_GOLD'),
('TRAIT_INCREASED_DESERT_HILLS_GOLD', 'Amount', '2');

INSERT OR REPLACE INTO RequirementSets (RequirementSetId, RequirementSetType) VALUES 
('MALI_PLOT_HAS_DESERT_REQUIREMENTS', 'REQUIREMENTSET_TEST_ALL'),
('MALI_PLOT_HAS_DESERT_HILLS_REQUIREMENTS', 'REQUIREMENTSET_TEST_ALL');
INSERT OR REPLACE INTO RequirementSetRequirements (RequirementSetId, RequirementId) VALUES 
('MALI_PLOT_HAS_DESERT_REQUIREMENTS', 'REQUIRES_PLOT_HAS_DESERT'),
('MALI_PLOT_HAS_DESERT_HILLS_REQUIREMENTS', 'REQUIRES_PLOT_HAS_DESERT_HILLS');