<?xml version="1.0" encoding="utf-8"?>
<GameInfo>
	<Types>
		<Row Type="BUILDING_JRA_CUSTOM" Kind="KIND_BUILDING"/>
	</Types>
	
	<Buildings>
		<Row BuildingType="BUILDING_JRA_CUSTOM" Name="LOC_BUILDING_JRA_CUSTOM_NAME" Description="LOC_BUILDING_JRA_CUSTOM_DESCRIPTION" PrereqDistrict="DISTRICT_CITY_CENTER" PurchaseYield="YIELD_GOLD" Cost="80" AdvisorType="ADVISOR_CONQUEST" Maintenance="0" TraitType="TRAIT_CIVILIZATION_BUILDING_JRA_CUSTOM"/>
	</Buildings>
	
	<Building_YieldChanges>
		<Row BuildingType="BUILDING_JRA_CUSTOM" YieldType="YIELD_PRODUCTION" YieldChange="1"/>
	</Building_YieldChanges>
	
	<Building_GreatPersonPoints>
		<Row BuildingType="BUILDING_JRA_CUSTOM" GreatPersonClassType="GREAT_PERSON_CLASS_GENERAL" PointsPerTurn="1"/>
	</Building_GreatPersonPoints>

	
	<Modifiers>
		<Row>
			<ModifierId>JRA_HATECLUB_BARB_DAMAGE</ModifierId>
			<ModifierType>MODIFIER_PLAYER_UNITS_ADJUST_BARBARIAN_COMBAT</ModifierType>
		</Row>
	</Modifiers>
	
	

	<ModifierArguments>
		<Row>
			<ModifierId>JRA_HATECLUB_BARB_DAMAGE</ModifierId>
			<Name>Amount</Name>
			<Value>1</Value>
		</Row>
	</ModifierArguments>



	<BuildingModifiers>
		<Row>
			<BuildingType>BUILDING_JRA_CUSTOM</BuildingType>
			<ModifierId>JRA_HATECLUB_BARB_DAMAGE</ModifierId>
		</Row>
	</BuildingModifiers>
	
	
	
	
	
	
	
	
	
</GameInfo>