-- last update: 200311
-- author: muyyi

-- 国家奇观为所在城市增加2点宜居度
UPDATE Buildings SET Entertainment=2 WHERE IsWonder=1;

-- 巨石阵产出5信仰
UPDATE Building_YieldChanges
SET YieldChange = 5
WHERE BuildingType = 'BUILDING_STONEHENGE';

-- 空花提供4房屋
UPDATE Buildings
SET Housing = 4
WHERE BuildingType = 'BUILDING_HANGING_GARDENS';


-- 圣域增加一个圣遗物槽
INSERT INTO Building_GreatWorks
	(BuildingType,GreatWorkSlotType,NumSlots)
VALUES ('BUILDING_ORACLE','GREATWORKSLOT_RELIC',1);

-- 大灯塔不再需要灯塔前置条件，且会额外送一个灯塔，成本增加30
-- BUILDING_GREAT_LIGHTHOUSE
UPDATE Buildings
SET Cost = Cost + 30
WHERE BuildingType = 'BUILDING_GREAT_LIGHTHOUSE';

DELETE FROM BuildingPrereqs
WHERE Building = 'BUILDING_GREAT_LIGHTHOUSE';

-- 泰姬陵修改
-- 建成后触发效果降低100点时代点数，增加2个圣遗物槽，生成一个圣遗物，同时为城市增加300%来自圣遗物的产出。
-- 暂时降低产能以方便测试
-- UPDATE Buildings
-- SET Cost = 50
-- WHERE BuildingType = 'BUILDING_TAJ_MAHAL';

-- 增加2个圣遗物槽
INSERT INTO Building_GreatWorks
	(BuildingType,GreatWorkSlotType,NumSlots)
VALUES ('BUILDING_TAJ_MAHAL','GREATWORKSLOT_RELIC',2);

-- 只触发一次降低时代点数的效果
-- UPDATE Modifiers
-- SET RunOnce = 1
-- WHERE ModifierId = 'MODIFIER_PLAYER_ADJUST_PLAYER_ERA_SCORE_PER_PRIDE_MOMENT';

-- -- 时代点数大于1则触发，降低100
-- UPDATE ModifierArguments
-- SET Value = -20
-- WHERE ModifierId = 'MODIFIER_PLAYER_ADJUST_PLAYER_ERA_SCORE_PER_PRIDE_MOMENT' AND Name = 'Amount';

-- UPDATE ModifierArguments
-- SET Value = 1
-- WHERE ModifierId = 'MODIFIER_PLAYER_ADJUST_PLAYER_ERA_SCORE_PER_PRIDE_MOMENT' AND Name = 'MinScore';

-- 200323更新
-- 泰姬陵效果改为：不再创建遗物，所有城市地块在黄金时代+1金币，但每次历史时刻获得2点以上分数时，点数-1(更容易进入黑暗时代)。
-- 先所有城市试试，如果过强改为10个单元格以内的城市或增加产能消耗
INSERT INTO BuildingModifiers (BuildingType, ModifierId) VALUES	
-- ('BUILDING_TAJ_MAHAL', 'GOODY_CULTURE_GRANT_ONE_RELIC'),
('BUILDING_TAJ_MAHAL', 'HF_TAJ_MAHAL_PLOT_GOLD');

-- UPDATE ModifierArguments
-- SET Value = -1
-- WHERE ModifierId = 'TAJ_MAHAL_EXTRA_ERA_SCORE' AND Name = 'Amount';

-- 圣瓦西里教堂本城市冻土产出2食物2产能
INSERT INTO Requirements
	(RequirementId, RequirementType)
VALUES	
		('REQSET_HF_POT_HAS_SNOW',	'REQUIREMENT_PLOT_TERRAIN_TYPE_MATCHES') ,
		('HF_REQ_UNIT_IS_SETTLER', 'REQUIREMENT_UNIT_TYPE_MATCHES') ,
		('HF_REQ_IMPROVEMENT_IS_PLANTATION', 'REQUIREMENT_PLOT_IMPROVEMENT_TYPE_MATCHES') ,
		('REQSET_HF_POT_HAS_SNOW_HILL',	'REQUIREMENT_PLOT_TERRAIN_TYPE_MATCHES') ;


INSERT INTO RequirementArguments 
	(RequirementId, Name, Value)
VALUES 	
		('REQSET_HF_POT_HAS_SNOW',	'TerrainType', 'TERRAIN_SNOW_HILLS') ,
		('HF_REQ_UNIT_IS_SETTLER',	'UnitType',	'UNIT_SETTLER'),
		('HF_REQ_IMPROVEMENT_IS_PLANTATION', 'ImprovementType',	'IMPROVEMENT_PLANTATION') ,	
		('REQSET_HF_POT_HAS_SNOW_HILL',	'TerrainType', 'TERRAIN_SNOW') ;



INSERT INTO RequirementSets 
	(RequirementSetId, RequirementSetType)
VALUES 	('REQSET_HF_POT_TUNDRA_OR_SNOW', 'REQUIREMENTSET_TEST_ANY'),
		('HF_REQSET_UNIT_IS_SETTLER', 'REQUIREMENTSET_TEST_ALL'),
		('HF_REQSET_POT_IS_PLANTATION', 'REQUIREMENTSET_TEST_ALL') ,
		('REQSET_HF_POT_SNOW', 'REQUIREMENTSET_TEST_ANY');


INSERT INTO RequirementSetRequirements
	(RequirementSetId,	RequirementId)
VALUES	('REQSET_HF_POT_TUNDRA_OR_SNOW', 'REQSET_HF_POT_HAS_SNOW') ,
		('REQSET_HF_POT_TUNDRA_OR_SNOW', 'REQSET_HF_POT_HAS_SNOW_HILL') ,
		('REQSET_HF_POT_TUNDRA_OR_SNOW', 'REQUIRES_PLOT_HAS_TUNDRA') ,
		('REQSET_HF_POT_TUNDRA_OR_SNOW', 'REQUIRES_PLOT_HAS_TUNDRA_HILLS') ,
		('HF_REQSET_UNIT_IS_SETTLER', 'HF_REQ_UNIT_IS_SETTLER'),
		('HF_REQSET_POT_IS_PLANTATION', 'HF_REQ_IMPROVEMENT_IS_PLANTATION') ,
		('REQSET_HF_POT_SNOW', 'REQSET_HF_POT_HAS_SNOW') ,
		('REQSET_HF_POT_SNOW', 'REQSET_HF_POT_HAS_SNOW_HILL') ;


-- 大教堂
-- 本身产出4信仰和1文化, 为城市产出221
UPDATE ModifierArguments
SET Value = 2
WHERE ModifierId = 'STBASILS_ADDFOOD_MODIFIER' AND Name = 'Amount';

UPDATE ModifierArguments
SET Value = 2
WHERE ModifierId = 'STBASILS_ADDPRODUCTION_MODIFIER' AND Name = 'Amount';

INSERT INTO Building_YieldChanges
	(BuildingType, YieldType, YieldChange)
VALUES	('BUILDING_ST_BASILS_CATHEDRAL', 'YIELD_FAITH', 4),
	('BUILDING_ST_BASILS_CATHEDRAL', 'YIELD_CULTURE', 1);

-- UPDATE Modifiers
-- SET SubjectRequirementSetId = 'REQSET_HF_POT_TUNDRA_OR_SNOW'
-- WHERE ModifierId LIKE 'STBASILS_ADD%_MODIFIER';


-- 阿帕达拉宫在任何城修建奇观都送2使者
UPDATE Modifiers
SET ModifierType = 'MODIFIER_PLAYER_CITIES_ATTACH_MODIFIER',SubjectRequirementSetId = NULL
WHERE ModifierId = 'APADANA_AWARD_TWO_INFLUENCE_TOKEN';


-- 鲁尔山谷为本城市+50%产能，修建区域和奇观时，+25%产能。所有城市的矿山和采石场+1产能
UPDATE ModifierArguments
SET Value = 50
WHERE ModifierId = 'RUHRVALLEY_ADDPRODUCTIONYIELD' AND Name = 'Amount';

-- 休伊神庙本身产出5点信仰，为每个湖泊单元格+2食物，+2产能，击杀敌方单位后，获得等同于敌方单位战力200%的信仰。
INSERT INTO Building_YieldChanges
	(BuildingType, YieldType, YieldChange)
VALUES	('BUILDING_HUEY_TEOCALLI', 'YIELD_FAITH', 5);

UPDATE ModifierArguments
SET Value = 2
WHERE ModifierId = 'HUEY_LAKE_FOOD_MODIFIER' AND Name = 'Amount';

UPDATE ModifierArguments
SET Value = 2
WHERE ModifierId = 'HUEY_LAKE_PRODUCTION_MODIFIER' AND Name = 'Amount';


INSERT INTO Types 
	(Type, Kind)
VALUES	
	('MODIFIER_HF_PLAYER_BUILT_CITIES_ADD_POPULATION', 'KIND_MODIFIER');

INSERT INTO DynamicModifiers 
	(ModifierType, CollectionType, EffectType)
VALUES	
	('MODIFIER_HF_PLAYER_BUILT_CITIES_ADD_POPULATION', 'COLLECTION_PLAYER_BUILT_CITIES','EFFECT_ADJUST_CITY_POPULATION');

INSERT INTO Modifiers 
	(ModifierId, ModifierType, SubjectRequirementSetId)
VALUES	('HF_SETTLER_CITY_EXTRA_POPULATION', 'MODIFIER_HF_PLAYER_BUILT_CITIES_ADD_POPULATION', NULL),
 	('HF_SETTLER_MOVEMENT_BUFF', 'MODIFIER_PLAYER_UNITS_ADJUST_MOVEMENT', 'HF_REQSET_UNIT_IS_SETTLER'),

 	('HF_JEBELBARKAL_STRATEGIC_MINE_PRODUCTION', 'MODIFIER_PLAYER_CITIES_ATTACH_MODIFIER', NULL),

 	('HF_PETRA_ALL_CITIES_DESERT_FOOD', 'MODIFIER_PLAYER_CITIES_ATTACH_MODIFIER', NULL),
 	('HF_PETRA_ALL_CITIES_DESERT_GOLD', 'MODIFIER_PLAYER_CITIES_ATTACH_MODIFIER', NULL),
 	('HF_PETRA_ALL_CITIES_DESERT_PRO', 'MODIFIER_PLAYER_CITIES_ATTACH_MODIFIER', NULL),
 	('HF_PETRA_ALL_CITIES_DESERT_FOOD_MODIFIER', 'MODIFIER_CITY_PLOT_YIELDS_ADJUST_PLOT_YIELD', 'PETRA_YIELD_MODIFIER_REQUIREMENTS'),
 	('HF_PETRA_ALL_CITIES_DESERT_GOLD_MODIFIER', 'MODIFIER_CITY_PLOT_YIELDS_ADJUST_PLOT_YIELD', 'PETRA_YIELD_MODIFIER_REQUIREMENTS'),
 	('HF_PETRA_ALL_CITIES_DESERT_PRO_MODIFIER', 'MODIFIER_CITY_PLOT_YIELDS_ADJUST_PLOT_YIELD', 'PETRA_YIELD_MODIFIER_REQUIREMENTS'),
 	('HF_PETRA_ALL_CITIES_DESERT_HILLS_FOOD', 'MODIFIER_PLAYER_CITIES_ATTACH_MODIFIER', NULL),
 	('HF_PETRA_ALL_CITIES_DESERT_HILLS_GOLD', 'MODIFIER_PLAYER_CITIES_ATTACH_MODIFIER', NULL),
 	('HF_PETRA_ALL_CITIES_DESERT_HILLS_PRO', 'MODIFIER_PLAYER_CITIES_ATTACH_MODIFIER', NULL),
 	('HF_PETRA_ALL_CITIES_DESERT_HILLS_FOOD_MODIFIER', 'MODIFIER_CITY_PLOT_YIELDS_ADJUST_PLOT_YIELD', 'PETRA_YIELD_MODIFIER_REQUIREMENTS'),
 	('HF_PETRA_ALL_CITIES_DESERT_HILLS_GOLD_MODIFIER', 'MODIFIER_CITY_PLOT_YIELDS_ADJUST_PLOT_YIELD', 'PETRA_YIELD_MODIFIER_REQUIREMENTS'),
 	('HF_PETRA_ALL_CITIES_DESERT_HILLS_PRO_MODIFIER', 'MODIFIER_CITY_PLOT_YIELDS_ADJUST_PLOT_YIELD', 'PETRA_YIELD_MODIFIER_REQUIREMENTS'),

 	('HF_CHICHEN_ITZA_JUNGLE_PRO', 'MODIFIER_PLAYER_CITIES_ATTACH_MODIFIER', NULL),
 	('HF_CHICHEN_ITZA_JUNGLE_PRO_MODIFIER', 'MODIFIER_CITY_PLOT_YIELDS_ADJUST_PLOT_YIELD', 'PLOT_HAS_JUNGLE_REQUIREMENTS'),

 	('HF_APADANA_AWARD_TWO_INFLUENCE_TOKEN', 'MODIFIER_PLAYER_GRANT_INFLUENCE_TOKEN', NULL),

 	('HF_AMUNDSEN_SNOW_ADD_FOOD', 'MODIFIER_CITY_PLOT_YIELDS_ADJUST_PLOT_YIELD', 'REQSET_HF_POT_SNOW'),
 	('HF_AMUNDSEN_SNOW_ADD_PRODUCTION', 'MODIFIER_CITY_PLOT_YIELDS_ADJUST_PLOT_YIELD', 'REQSET_HF_POT_SNOW'),
 	('HF_AMUNDSEN_SNOW_ADD_SCIENCE', 'MODIFIER_CITY_PLOT_YIELDS_ADJUST_PLOT_YIELD', 'REQSET_HF_POT_SNOW'),

 	('HF_BUILDING_HANGING_GARDENS_CITY_FARM','MODIFIER_CITY_PLOT_YIELDS_ADJUST_PLOT_YIELD','PLOT_HAS_FARM_REQUIREMENTS'),
	('HF_BUILDING_HANGING_GARDENS_CITY_PLANTATION','MODIFIER_CITY_PLOT_YIELDS_ADJUST_PLOT_YIELD','HF_REQSET_POT_IS_PLANTATION'),

	('HF_BUILDING_RUHR_VALLEY_PRODUCTION','MODIFIER_PLAYER_CITIES_ATTACH_MODIFIER', NULL),
	('HF_BUILDING_RUHR_VALLEY_FASTER_BUILDTIME_DISTRICT','MODIFIER_SINGLE_CITY_ADJUST_DISTRICT_PRODUCTION', NULL),
	('HF_BUILDING_RUHR_VALLEY_FASTER_BUILDTIME_WONDER','MODIFIER_SINGLE_CITY_ADJUST_WONDER_PRODUCTION', NULL),

	('HF_BUILDING_HUEY_TEOCALLI_FAITH_KILL','MODIFIER_PLAYER_UNITS_ADJUST_POST_COMBAT_YIELD', NULL),
	('HF_STATUE_LIBERTY_GRANT_SETTLER','MODIFIER_SINGLE_CITY_GRANT_UNIT_IN_CITY', NULL),


	('HF_GREAT_LIGHTHOUSE_GRANT_LIGHTHOUSE','MODIFIER_SINGLE_CITY_GRANT_BUILDING_IN_CITY_IGNORE', NULL),
	('HF_TAJ_MAHAL_PLOT_GOLD','MODIFIER_PLAYER_ADJUST_PLOT_YIELD', 'PLAYER_HAS_GOLDEN_AGE'),

 	('HF_GREAT_ZIMBABWE_ALL_CITIES_DOMESTICBONUSRESOURCEGOLD', 'MODIFIER_PLAYER_CITIES_ATTACH_MODIFIER', NULL),
 	('HF_GREAT_ZIMBABWE_ALL_CITIES_DOMESTICBONUSRESOURCEGOLD_MODIFIER', 'MODIFIER_PLAYER_CITY_TRADE_ROUTE_YIELD_PER_LOCAL_BONUS_RESOURCE_FOR_DOMESTIC', NULL),
 	('HF_GREAT_ZIMBABWE_ALL_CITIES_INTERNATIONALBONUSRESOURCEGOLD', 'MODIFIER_PLAYER_CITIES_ATTACH_MODIFIER', NULL),
 	('HF_GREAT_ZIMBABWE_ALL_CITIES_INTERNATIONALBONUSRESOURCEGOLD_MODIFIER', 'MODIFIER_PLAYER_CITY_TRADE_ROUTE_YIELD_PER_LOCAL_BONUS_RESOURCE_FOR_INTERNATIONAL', NULL);


INSERT INTO ModifierArguments
	(ModifierId, Name, Value)
VALUES	('HF_SETTLER_CITY_EXTRA_POPULATION', 'Amount', 2),
	('HF_SETTLER_MOVEMENT_BUFF', 'Amount', 2),

 	('HF_JEBELBARKAL_STRATEGIC_MINE_PRODUCTION', 'ModifierId', 'GOD_OF_CRAFTSMEN_STRATEGIC_MINE_PRODUCTION_MODIFIER'),

	('HF_PETRA_ALL_CITIES_DESERT_FOOD', 'ModifierId', 'HF_PETRA_ALL_CITIES_DESERT_FOOD_MODIFIER'),
 	('HF_PETRA_ALL_CITIES_DESERT_GOLD', 'ModifierId', 'HF_PETRA_ALL_CITIES_DESERT_GOLD_MODIFIER'),
 	('HF_PETRA_ALL_CITIES_DESERT_PRO', 'ModifierId', 'HF_PETRA_ALL_CITIES_DESERT_PRO_MODIFIER'),
 	('HF_PETRA_ALL_CITIES_DESERT_FOOD_MODIFIER', 'YieldType', 'YIELD_FOOD'),
 	('HF_PETRA_ALL_CITIES_DESERT_FOOD_MODIFIER', 'Amount', 1),
 	('HF_PETRA_ALL_CITIES_DESERT_GOLD_MODIFIER', 'YieldType', 'YIELD_GOLD'),
 	('HF_PETRA_ALL_CITIES_DESERT_GOLD_MODIFIER', 'Amount', 1),
	('HF_PETRA_ALL_CITIES_DESERT_PRO_MODIFIER', 'YieldType', 'YIELD_PRODUCTION'),
 	('HF_PETRA_ALL_CITIES_DESERT_PRO_MODIFIER', 'Amount', 1),
 	('HF_PETRA_ALL_CITIES_DESERT_HILLS_FOOD', 'ModifierId', 'HF_PETRA_ALL_CITIES_DESERT_HILLS_FOOD_MODIFIER'),
 	('HF_PETRA_ALL_CITIES_DESERT_HILLS_GOLD', 'ModifierId', 'HF_PETRA_ALL_CITIES_DESERT_HILLS_GOLD_MODIFIER'),
 	('HF_PETRA_ALL_CITIES_DESERT_HILLS_PRO', 'ModifierId', 'HF_PETRA_ALL_CITIES_DESERT_HILLS_PRO_MODIFIER'),
 	('HF_PETRA_ALL_CITIES_DESERT_HILLS_FOOD_MODIFIER', 'YieldType', 'YIELD_FOOD'),
 	('HF_PETRA_ALL_CITIES_DESERT_HILLS_FOOD_MODIFIER', 'Amount', 1),
 	('HF_PETRA_ALL_CITIES_DESERT_HILLS_GOLD_MODIFIER', 'YieldType', 'YIELD_GOLD'),
 	('HF_PETRA_ALL_CITIES_DESERT_HILLS_GOLD_MODIFIER', 'Amount', 1),
	('HF_PETRA_ALL_CITIES_DESERT_HILLS_PRO_MODIFIER', 'YieldType', 'YIELD_PRODUCTION'),
 	('HF_PETRA_ALL_CITIES_DESERT_HILLS_PRO_MODIFIER', 'Amount', 1),

 	('HF_CHICHEN_ITZA_JUNGLE_PRO', 'ModifierId', 'HF_CHICHEN_ITZA_JUNGLE_PRO_MODIFIER'),
 	('HF_CHICHEN_ITZA_JUNGLE_PRO_MODIFIER', 'YieldType', 'YIELD_PRODUCTION'),
 	('HF_CHICHEN_ITZA_JUNGLE_PRO_MODIFIER', 'Amount', 1),

 	('HF_APADANA_AWARD_TWO_INFLUENCE_TOKEN', 'Amount', 2),

 	('HF_AMUNDSEN_SNOW_ADD_FOOD', 'YieldType', 'YIELD_FOOD'),
 	('HF_AMUNDSEN_SNOW_ADD_FOOD', 'Amount', 1),
 	('HF_AMUNDSEN_SNOW_ADD_PRODUCTION', 'YieldType', 'YIELD_PRODUCTION'),
 	('HF_AMUNDSEN_SNOW_ADD_PRODUCTION', 'Amount', 2),
 	('HF_AMUNDSEN_SNOW_ADD_SCIENCE', 'YieldType', 'YIELD_SCIENCE'),
 	('HF_AMUNDSEN_SNOW_ADD_SCIENCE', 'Amount', 2),

 	('HF_BUILDING_HANGING_GARDENS_CITY_FARM','YieldType','YIELD_FOOD'),
	('HF_BUILDING_HANGING_GARDENS_CITY_FARM','Amount', 1),
	('HF_BUILDING_HANGING_GARDENS_CITY_PLANTATION','YieldType','YIELD_FOOD'),
	('HF_BUILDING_HANGING_GARDENS_CITY_PLANTATION','Amount', 1),

	('HF_BUILDING_RUHR_VALLEY_FASTER_BUILDTIME_DISTRICT','Amount', 25),
	('HF_BUILDING_RUHR_VALLEY_FASTER_BUILDTIME_WONDER','Amount', 25),

	('HF_BUILDING_HUEY_TEOCALLI_FAITH_KILL','YieldType', 'YIELD_FAITH'),
	('HF_BUILDING_HUEY_TEOCALLI_FAITH_KILL','PercentDefeatedStrength', 200),

	('HF_STATUE_LIBERTY_GRANT_SETTLER','UnitType', 'UNIT_SETTLER'),
	('HF_STATUE_LIBERTY_GRANT_SETTLER','Amount', 2),

	('HF_GREAT_LIGHTHOUSE_GRANT_LIGHTHOUSE','BuildingType', 'BUILDING_LIGHTHOUSE'),
	('HF_TAJ_MAHAL_PLOT_GOLD','YieldType', 'YIELD_GOLD'),
	('HF_TAJ_MAHAL_PLOT_GOLD','Amount', 1),

 	('HF_GREAT_ZIMBABWE_ALL_CITIES_DOMESTICBONUSRESOURCEGOLD', 'ModifierId', 'HF_GREAT_ZIMBABWE_ALL_CITIES_DOMESTICBONUSRESOURCEGOLD_MODIFIER'),
 	('HF_GREAT_ZIMBABWE_ALL_CITIES_DOMESTICBONUSRESOURCEGOLD_MODIFIER', 'YieldType', 'YIELD_GOLD'),
 	('HF_GREAT_ZIMBABWE_ALL_CITIES_DOMESTICBONUSRESOURCEGOLD_MODIFIER', 'Amount', 1),
 	('HF_GREAT_ZIMBABWE_ALL_CITIES_INTERNATIONALBONUSRESOURCEGOLD', 'ModifierId', 'HF_GREAT_ZIMBABWE_ALL_CITIES_INTERNATIONALBONUSRESOURCEGOLD_MODIFIER'),
 	('HF_GREAT_ZIMBABWE_ALL_CITIES_INTERNATIONALBONUSRESOURCEGOLD_MODIFIER', 'YieldType', 'YIELD_GOLD'),
 	('HF_GREAT_ZIMBABWE_ALL_CITIES_INTERNATIONALBONUSRESOURCEGOLD_MODIFIER', 'Amount', 1);


INSERT INTO BuildingModifiers
	(BuildingType, ModifierId)
VALUES
	-- 自由女神像获得建城后直接增加至3人口, 移民移速+2	
	('BUILDING_STATUE_LIBERTY', 'HF_SETTLER_CITY_EXTRA_POPULATION'),
	('BUILDING_STATUE_LIBERTY', 'HF_SETTLER_MOVEMENT_BUFF'),
	-- ('BUILDING_STATUE_LIBERTY', 'HF_STATUE_LIBERTY_GRANT_SETTLER'),
	('BUILDING_JEBEL_BARKAL', 'HF_JEBELBARKAL_STRATEGIC_MINE_PRODUCTION'),
	
	-- 奇琴伊察雨林单元格额外产出1产能, +1魅力
	('BUILDING_CHICHEN_ITZA', 'HF_CHICHEN_ITZA_JUNGLE_PRO'),
	('BUILDING_CHICHEN_ITZA', 'TRAIT_AMAZON_RAINFOREST_EXTRA_APPEAL'),
	
	-- 拥有佩特拉的城市沙漠额外产出3食物，3金币，2产能。其它城市沙漠额外产出1食物，1金币，1产能。造价提升为原来的1.5倍。
	('BUILDING_PETRA', 'HF_PETRA_ALL_CITIES_DESERT_FOOD'),
	('BUILDING_PETRA', 'HF_PETRA_ALL_CITIES_DESERT_GOLD'),
	('BUILDING_PETRA', 'HF_PETRA_ALL_CITIES_DESERT_PRO'),
	-- ('BUILDING_PETRA', 'HF_PETRA_ALL_CITIES_DESERT_HILLS_FOOD'),
	-- ('BUILDING_PETRA', 'HF_PETRA_ALL_CITIES_DESERT_HILLS_GOLD'),
	-- ('BUILDING_PETRA', 'HF_PETRA_ALL_CITIES_DESERT_PRO'),
 	-- 南极站为本城市每个雪地提供1食物2产能2科研
	('BUILDING_AMUNDSEN_SCOTT_RESEARCH_STATION', 'HF_AMUNDSEN_SNOW_ADD_FOOD'),
	('BUILDING_AMUNDSEN_SCOTT_RESEARCH_STATION', 'HF_AMUNDSEN_SNOW_ADD_PRODUCTION'),
	('BUILDING_AMUNDSEN_SCOTT_RESEARCH_STATION', 'HF_AMUNDSEN_SNOW_ADD_SCIENCE'),
	-- 空花为本城市每个农田和种植园提供1食物
	('BUILDING_HANGING_GARDENS', 'HF_BUILDING_HANGING_GARDENS_CITY_FARM'),
	('BUILDING_HANGING_GARDENS', 'HF_BUILDING_HANGING_GARDENS_CITY_PLANTATION'),

	-- 修复阿帕达拉宫建成时送使者无效的bug(官方已修复)
	-- ('BUILDING_APADANA', 'HF_APADANA_AWARD_TWO_INFLUENCE_TOKEN'),

	('BUILDING_RUHR_VALLEY', 'HF_BUILDING_RUHR_VALLEY_FASTER_BUILDTIME_DISTRICT'),
	('BUILDING_RUHR_VALLEY', 'HF_BUILDING_RUHR_VALLEY_FASTER_BUILDTIME_WONDER'),
	('BUILDING_HUEY_TEOCALLI', 'HF_BUILDING_HUEY_TEOCALLI_FAITH_KILL'),
	('BUILDING_GREAT_LIGHTHOUSE', 'HF_GREAT_LIGHTHOUSE_GRANT_LIGHTHOUSE'),


	-- 拥有大津巴布韦的城市所在城市领土范围内每处奖励资源令从该城市出发的商路金钱 +3，其它城市+1。造价提升为原来的1.5倍
	('BUILDING_GREAT_ZIMBABWE', 'HF_GREAT_ZIMBABWE_ALL_CITIES_DOMESTICBONUSRESOURCEGOLD'),
	('BUILDING_GREAT_ZIMBABWE', 'HF_GREAT_ZIMBABWE_ALL_CITIES_INTERNATIONALBONUSRESOURCEGOLD');


UPDATE BuildingModifiers
SET ModifierId = 'HF_BUILDING_RUHR_VALLEY_PRODUCTION'
WHERE BuildingType = 'BUILDING_RUHR_VALLEY' AND ModifierId='RUHR_VALLEY_PRODUCTION_MODIFIER';


UPDATE Buildings
SET Cost = Cost*1.5
WHERE BuildingType = 'BUILDING_PETRA' OR BuildingType = 'BUILDING_GREAT_ZIMBABWE';

INSERT INTO ModifierStrings
	(ModifierId, Context, Text)
VALUES 
	('HF_BUILDING_RUHR_VALLEY_FASTER_BUILDTIME_DISTRICT', 'preview', '鲁尔山谷为本城市区域或奇观修建加速25%');

-- 写在最后的测试代码(加速首都产出，以测试mod是否生效)
-- UPDATE Building_YieldChanges 
-- SET YieldChange = 50
-- WHERE BuildingType = 'BUILDING_PALACE';