-- CivsBalance
-- Author: zjhao
-- DateCreated: 4/30/2022 12:33:31 PM
--------------------------------------------------------------

--Canada
UPDATE Traits SET Description = 'LOC_TRAIT_CIVILIZATION_FACES_OF_PEACE_DESCRIPTION_ZJ' WHERE TraitType = 'TRAIT_CIVILIZATION_FACES_OF_PEACE';

UPDATE Units SET PrereqCivic='CIVIC_NATURAL_HISTORY' WHERE UnitType='UNIT_CANADA_MOUNTIE';

INSERT INTO TraitModifiers (TraitType, ModifierId) VALUES 
('TRAIT_CIVILIZATION_FACES_OF_PEACE', 'TRAIT_CULTURE_AT_PEACE_BONUS'),
('TRAIT_CIVILIZATION_FACES_OF_PEACE', 'TRAIT_NATIONAL_PARK_TOURISM');
INSERT INTO Modifiers (ModifierId, ModifierType, RunOnce, Permanent, NewOnly, OwnerRequirementSetId, SubjectRequirementSetId) VALUES 
('TRAIT_CULTURE_AT_PEACE_BONUS', 'MODIFIER_PLAYER_CITIES_ADJUST_CITY_YIELD_MODIFIER', 0, 0, 0, NULL, 'PLAYER_IS_AT_PEACE_WITH_ALL_MAJORS'),
('TRAIT_NATIONAL_PARK_TOURISM', 'MODIFIER_PLAYER_ADJUST_TOURISM_FROM_NATIONAL_PARKS', 0, 0, 0, NULL, NULL);
INSERT INTO ModifierArguments (ModifierId, Name, Value) VALUES 
('TRAIT_CULTURE_AT_PEACE_BONUS', 'Amount', '15'),
('TRAIT_CULTURE_AT_PEACE_BONUS', 'YieldType', 'YIELD_CULTURE'),
('TRAIT_NATIONAL_PARK_TOURISM', 'Amount', '100');

--Vietnam
UPDATE ModifierArguments
    SET Value=2
    WHERE ModifierId='TRAIT_FOREST_BUILDINGS_CULTURE' AND Name='Amount';
UPDATE ModifierArguments
    SET Value=2
    WHERE ModifierId='TRAIT_JUNGLE_BUILDINGS_SCIENCE' AND Name='Amount';
UPDATE ModifierArguments
    SET Value=2
    WHERE ModifierId='TRAIT_MARSH_BUILDINGS_PRODUCTION' AND Name='Amount';

--Scotland
UPDATE Traits SET Description = 'LOC_TRAIT_CIVILIZATION_SCOTTISH_ENLIGHTENMENT_DESCRIPTION_ZJ' WHERE TraitType = 'TRAIT_CIVILIZATION_SCOTTISH_ENLIGHTENMENT';
UPDATE Improvements SET Description = 'LOC_IMPROVEMENT_GOLF_COURSE_XP2_DESCRIPTION_ZJ' WHERE ImprovementType = 'IMPROVEMENT_GOLF_COURSE';

INSERT INTO TraitModifiers (TraitType, ModifierId) VALUES 
('TRAIT_CIVILIZATION_SCOTTISH_ENLIGHTENMENT', 'TRAIT_GOLD_HAPPY'),
('TRAIT_CIVILIZATION_SCOTTISH_ENLIGHTENMENT', 'TRAIT_GOLD_ECSTATIC'),
('TRAIT_CIVILIZATION_SCOTTISH_ENLIGHTENMENT', 'TRAIT_MERCHANT_HAPPY'),
('TRAIT_CIVILIZATION_SCOTTISH_ENLIGHTENMENT', 'TRAIT_MERCHANT_ECSTATIC');
INSERT INTO Modifiers (ModifierId, ModifierType, RunOnce, Permanent, NewOnly, OwnerRequirementSetId, SubjectRequirementSetId) VALUES 
('TRAIT_GOLD_HAPPY', 'MODIFIER_PLAYER_CITIES_ADJUST_HAPPINESS_GREAT_PERSON', 0, 0, 0, NULL, NULL),
('TRAIT_GOLD_ECSTATIC', 'MODIFIER_PLAYER_CITIES_ADJUST_HAPPINESS_YIELD', 0, 0, 0, NULL, NULL),
('TRAIT_MERCHANT_HAPPY', 'MODIFIER_PLAYER_CITIES_ADJUST_HAPPINESS_GREAT_PERSON', 0, 0, 0, NULL, 'CITY_HAS_COMMERCIAL_HUB'),
('TRAIT_MERCHANT_ECSTATIC', 'MODIFIER_PLAYER_CITIES_ADJUST_HAPPINESS_YIELD', 0, 0, 0, NULL, 'CITY_HAS_COMMERCIAL_HUB');
INSERT OR REPLACE INTO ModifierArguments (ModifierId, Name, Value) VALUES 
('TRAIT_GOLD_HAPPY', 'YieldType', 'YIELD_GOLD'),
('TRAIT_GOLD_HAPPY', 'HappinessType', 'HAPPINESS_HAPPY'),
('TRAIT_GOLD_HAPPY', 'Amount', 5),
('TRAIT_GOLD_ECSTATIC', 'YieldType', 'YIELD_GOLD'),
('TRAIT_GOLD_ECSTATIC', 'HappinessType', 'HAPPINESS_ECSTATIC'),
('TRAIT_GOLD_ECSTATIC', 'Amount', 10),
('TRAIT_MERCHANT_HAPPY', 'GreatPersonClassType', 'GREAT_PERSON_CLASS_MERCHANT'),
('TRAIT_MERCHANT_HAPPY', 'HappinessType', 'HAPPINESS_HAPPY'),
('TRAIT_MERCHANT_HAPPY', 'Amount', 1),
('TRAIT_MERCHANT_ECSTATIC', 'GreatPersonClassType', 'GREAT_PERSON_CLASS_MERCHANT'),
('TRAIT_MERCHANT_ECSTATIC', 'HappinessType', 'HAPPINESS_ECSTATIC'),
('TRAIT_MERCHANT_ECSTATIC', 'Amount', 2);

UPDATE Improvements SET PrereqCivic = 'CIVIC_DIPLOMATIC_SERVICE' WHERE ImprovementType='IMPROVEMENT_GOLF_COURSE';
UPDATE Improvement_YieldChanges SET YieldChange = 4 WHERE YieldType = 'YIELD_GOLD' AND ImprovementType = 'IMPROVEMENT_GOLF_COURSE';

INSERT OR REPLACE INTO Improvement_ValidResources(ImprovementType, ResourceType, MustRemoveFeature)VALUES
('IMPROVEMENT_GOLF_COURSE', 'RESOURCE_LEY_LINE', 0);
INSERT OR REPLACE INTO Improvement_ValidFeatures(ImprovementType, FeatureType, PrereqTech)VALUES
('IMPROVEMENT_GOLF_COURSE', 'FEATURE_FLOODPLAINS', 'TECH_BUTTRESS'),
('IMPROVEMENT_GOLF_COURSE', 'FEATURE_FLOODPLAINS_GRASSLAND', 'TECH_BUTTRESS'),
('IMPROVEMENT_GOLF_COURSE', 'FEATURE_FLOODPLAINS_PLAINS', 'TECH_BUTTRESS');

--Sumeria
UPDATE Improvements SET Description = 'LOC_IMPROVEMENT_ZIGGURAT_DESCRIPTION_ZJ' WHERE ImprovementType = 'IMPROVEMENT_ZIGGURAT';
UPDATE Units SET Description = 'LOC_UNIT_SUMERIAN_WAR_CART_DESCRIPTION_ZJ' WHERE UnitType = 'UNIT_SUMERIAN_WAR_CART';
--ZIGGURAT buff
UPDATE Improvement_YieldChanges SET YieldChange=1 WHERE ImprovementType='IMPROVEMENT_ZIGGURAT' AND YieldType='YIELD_CULTURE';
INSERT OR REPLACE INTO Improvement_BonusYieldChanges (ImprovementType, YieldType, BonusYieldChange, PrereqTech) VALUES
--('IMPROVEMENT_ZIGGURAT', 'YIELD_CULTURE', 1, 'TECH_EDUCATION'),
('IMPROVEMENT_ZIGGURAT', 'YIELD_SCIENCE', 1, 'TECH_EDUCATION');

--WAR_CART +7 combat when fighting against bararians
INSERT INTO TraitModifiers (TraitType, ModifierId) VALUES 
('TRAIT_CIVILIZATION_UNIT_SUMERIAN_WAR_CART', 'TRAIT_WAR_CART_INCREASE_COMBAT_BARBARIAN');
INSERT INTO Modifiers (ModifierId, ModifierType, RunOnce, Permanent, NewOnly, OwnerRequirementSetId, SubjectRequirementSetId) VALUES 
('TRAIT_WAR_CART_INCREASE_COMBAT_BARBARIAN', 'MODIFIER_PLAYER_UNITS_ADJUST_BARBARIAN_COMBAT', 0, 0, 0, NULL, 'REQUIREMENT_UNIT_IS_WAR_CART');
INSERT INTO ModifierArguments (ModifierId, Name, Value) VALUES 
('TRAIT_WAR_CART_INCREASE_COMBAT_BARBARIAN', 'Amount', '7');

INSERT INTO RequirementSets (RequirementSetId, RequirementSetType) VALUES 
('REQUIREMENT_UNIT_IS_WAR_CART', 'REQUIREMENTSET_TEST_ALL');
INSERT INTO RequirementSetRequirements (RequirementSetId, RequirementId) VALUES 
('REQUIREMENT_UNIT_IS_WAR_CART', 'UNIT_IS_WAR_CART');
INSERT INTO Requirements (RequirementId, RequirementType) VALUES 
('UNIT_IS_WAR_CART', 'REQUIREMENT_UNIT_TYPE_MATCHES');
INSERT INTO RequirementArguments (RequirementId, Name, Value) VALUES 
('UNIT_IS_WAR_CART', 'UnitType', 'UNIT_SUMERIAN_WAR_CART');

--Sweden
UPDATE Traits SET Description='LOC_TRAIT_CIVILIZATION_NOBEL_PRIZE_DESCRIPTION_ZJ' WHERE TraitType='TRAIT_CIVILIZATION_NOBEL_PRIZE';

UPDATE Buildings SET Cost=145 WHERE BuildingType='BUILDING_QUEENS_BIBLIOTHEQUE';

UPDATE ModifierArguments SET Value=2 WHERE ModifierId = 'TRAIT_GREAT_SCIENTIST_UNIVERSITY_MODIFIER' AND Name='Amount';
UPDATE ModifierArguments SET Value=2 WHERE ModifierId = 'TRAIT_GREAT_ENGINEER_FACTORY_MODIFIER' AND Name='Amount';
INSERT INTO TraitModifiers(TraitType, ModifierId) VALUES
('TRAIT_CIVILIZATION_NOBEL_PRIZE', 'TRAIT_GREAT_ARTIST_MUSEUM_ART_MODIFIER');
INSERT INTO Modifiers (ModifierId, ModifierType, RunOnce, Permanent, NewOnly, OwnerRequirementSetId, SubjectRequirementSetId) VALUES 
('TRAIT_GREAT_ARTIST_MUSEUM_ART_MODIFIER', 'MODIFIER_PLAYER_CITIES_ADJUST_GREAT_PERSON_POINT', 0, 0, 0, NULL, 'BUILDING_IS_MUSEUM_ART');
INSERT INTO ModifierArguments (ModifierId, Name, Value) VALUES 
('TRAIT_GREAT_ARTIST_MUSEUM_ART_MODIFIER', 'GreatPersonClassType', 'GREAT_PERSON_CLASS_ARTIST'),
('TRAIT_GREAT_ARTIST_MUSEUM_ART_MODIFIER', 'Amount', '2');


--Mali
insert or replace into Types (Type,	Kind) values
('MODIFIER_SINGLE_CITY_ADJUST_PLOT_PURCHASE_COST', 'KIND_MODIFIER');
insert or ignore into DynamicModifiers (ModifierType, CollectionType, EffectType) values
('MODIFIER_SINGLE_CITY_ADJUST_PLOT_PURCHASE_COST', 'COLLECTION_OWNER', 'EFFECT_ADJUST_PLOT_PURCHASE_COST');

UPDATE Traits SET Description = 'LOC_TRAIT_CIVILIZATION_MALI_GOLD_DESERT_DESCRIPTION_ZJ' WHERE TraitType = 'TRAIT_CIVILIZATION_MALI_GOLD_DESERT';
UPDATE Districts SET Description = 'LOC_DISTRICT_SUGUBA_DESCRIPTION_ZJ' WHERE DistrictType = 'DISTRICT_SUGUBA';

UPDATE Modifiers SET RunOnce=1 WHERE ModifierId='GOLDEN_AGE_TRADE_ROUTE';
INSERT OR REPLACE INTO TraitModifiers(TraitType, ModifierId) VALUES 
('TRAIT_CIVILIZATION_MALI_GOLD_DESERT', 'TRAIT_PURCHASE_GOVERNMENT_PLAZA_BUILDINGS_FAITH');
INSERT OR REPLACE INTO DistrictModifiers(DistrictType, ModifierId) VALUES 
('DISTRICT_SUGUBA', 'SUGUBA_CHEAPER_PLOT_PURCHASE');

INSERT INTO Modifiers (ModifierId, ModifierType, RunOnce, Permanent, NewOnly, OwnerRequirementSetId, SubjectRequirementSetId) VALUES 
('TRAIT_PURCHASE_GOVERNMENT_PLAZA_BUILDINGS_FAITH', 'MODIFIER_PLAYER_CITIES_ENABLE_BUILDING_FAITH_PURCHASE', 0, 0, 0, NULL, NULL),
('SUGUBA_CHEAPER_PLOT_PURCHASE', 'MODIFIER_SINGLE_CITY_ADJUST_PLOT_PURCHASE_COST', 0, 0, 0, NULL, NULL);
INSERT OR REPLACE INTO ModifierArguments(ModifierId, Name, Value) VALUES 
('TRAIT_PURCHASE_GOVERNMENT_PLAZA_BUILDINGS_FAITH', 'DistrictType', 'DISTRICT_GOVERNMENT'),
('SUGUBA_CHEAPER_PLOT_PURCHASE', 'Amount', '-20');


-- Brazil
-- districts do not remove rainforest(hd)
insert or replace into TraitModifiers (TraitType, ModifierId) 
	select 'TRAIT_CIVILIZATION_AMAZON', 'TRAIT_DISRICTS_VALID_JUNGLE' || DistrictType from Districts where DistrictType != 'DISTRICT_CITY_CENTER';
insert or replace into Modifiers    (ModifierId, ModifierType)
    select 'TRAIT_DISRICTS_VALID_JUNGLE' || DistrictType, 'MODIFIER_PLAYER_CITIES_ADJUST_VALID_FEATURES_DISTRICTS' 
    from Districts where DistrictType != 'DISTRICT_CITY_CENTER';
insert or replace into ModifierArguments    (ModifierId,    Name,        Value) 
    select 'TRAIT_DISRICTS_VALID_JUNGLE' || DistrictType, 'DistrictType', DistrictType
    from Districts where DistrictType != 'DISTRICT_CITY_CENTER';
insert or replace into ModifierArguments    (ModifierId,    Name,        Value) 
    select 'TRAIT_DISRICTS_VALID_JUNGLE' || DistrictType, 'FeatureType', 'FEATURE_JUNGLE'
    from Districts where DistrictType != 'DISTRICT_CITY_CENTER';

--Aztec
UPDATE Buildings SET Description = 'LOC_BUILDING_TLACHTLI_DESCRIPTION_ZJ' WHERE BuildingType = 'BUILDING_TLACHTLI';

INSERT INTO Building_YieldsPerEra (BuildingType, YieldType, YieldChange) VALUES
('BUILDING_TLACHTLI', 'YIELD_CULTURE', 2),
('BUILDING_TLACHTLI', 'YIELD_FAITH', 2);

INSERT INTO BuildingModifiers (BuildingType, ModifierId) VALUES 
('BUILDING_TLACHTLI', 'TLACHTLI_GRANT_BUILDER');

INSERT INTO Modifiers (ModifierId, ModifierType, RunOnce, Permanent, NewOnly, OwnerRequirementSetId, SubjectRequirementSetId) VALUES 
('TLACHTLI_GRANT_BUILDER', 'MODIFIER_SINGLE_CITY_GRANT_UNIT_IN_CITY', 0, 0, 0, NULL, NULL);

INSERT INTO ModifierArguments (ModifierId, Name, Value) VALUES 
('TLACHTLI_GRANT_BUILDER', 'Amount', '1'), 
('TLACHTLI_GRANT_BUILDER', 'UnitType', 'UNIT_BUILDER');

UPDATE Units SET Combat = 32 WHERE UnitType = 'UNIT_AZTEC_EAGLE_WARRIOR';

-- Ottoman
UPDATE Traits SET Description = 'LOC_TRAIT_CIVILIZATION_GREAT_TURKISH_BOMBARD_DESCRIPTION_ZJ'  WHERE TraitType = 'TRAIT_CIVILIZATION_GREAT_TURKISH_BOMBARD';

UPDATE Governors SET TraitType = 'TRAIT_CIVILIZATION_GREAT_TURKISH_BOMBARD' WHERE GovernorType = 'GOVERNOR_IBRAHIM';

-- Arabia
UPDATE Traits SET Description = 'LOC_TRAIT_CIVILIZATION_LAST_PROPHET_DESCRIPTION_ZJ'  WHERE TraitType = 'TRAIT_CIVILIZATION_LAST_PROPHET';

UPDATE Buildings SET Cost = 200 WHERE BuildingType = 'BUILDING_MADRASA';
-- Campus and Holy Site +1 if adjacant to each other
INSERT INTO Adjacency_YieldChanges(ID, Description, YieldType, YieldChange, AdjacentDistrict) VALUES
('Holy_Site_Science', 'LOC_HOLY_SITE_SCIENCE', 'YIELD_SCIENCE', 1, 'DISTRICT_HOLY_SITE'),
('Campus_Faith', 'LOC_CAMPUS_FAITH', 'YIELD_FAITH', 1, 'DISTRICT_CAMPUS');
INSERT INTO District_Adjacencies(DistrictType, YieldChangeId) VALUES
('DISTRICT_CAMPUS', 'Holy_Site_Science'),
('DISTRICT_HOLY_SITE', 'Campus_Faith');
INSERT INTO ExcludedAdjacencies(TraitType, YieldChangeId)
    SELECT TraitType, 'Holy_Site_Science' FROM CivilizationTraits WHERE CivilizationType != 'CIVILIZATION_ARABIA' GROUP BY CivilizationType;
INSERT INTO ExcludedAdjacencies(TraitType, YieldChangeId)
    SELECT TraitType, 'Campus_Faith' FROM CivilizationTraits WHERE CivilizationType != 'CIVILIZATION_ARABIA' GROUP BY CivilizationType;


--Phoenicia
UPDATE Traits SET Description ='LOC_TRAIT_CIVILIZATION_MEDITERRANEAN_COLONIES_DESCRIPTION_ZJ' WHERE TraitType='TRAIT_CIVILIZATION_MEDITERRANEAN_COLONIES';

INSERT OR REPLACE INTO District_CitizenYieldChanges (DistrictType, YieldType, YieldChange) VALUES
('DISTRICT_COTHON', 'YIELD_FOOD', '2'),
('DISTRICT_COTHON', 'YIELD_PRODUCTION', '1');
DELETE FROM TraitModifiers WHERE ModifierId='TRAIT_FREE_TECH_BOOST_WRITING';

INSERT OR REPLACE INTO TraitModifiers (TraitType, ModifierId) values
('TRAIT_CIVILIZATION_MEDITERRANEAN_COLONIES', 'PHOENICIA_COASTAL_CITY_ENVOY');
INSERT INTO Modifiers (ModifierId, ModifierType, RunOnce, Permanent, NewOnly, OwnerRequirementSetId, SubjectRequirementSetId) VALUES 
('PHOENICIA_COASTAL_CITY_ENVOY', 'MODIFIER_PLAYER_CITIES_ATTACH_MODIFIER', 0, 0, 0, NULL, NULL),
('PHOENICIA_COASTAL_CITY_ENVOY_MODIFIER', 'MODIFIER_PLAYER_GRANT_INFLUENCE_TOKEN', 0, 0, 0, NULL, 'REQUIREMENT_PHOENICIA_COASTAL_CITY_ENVOY');
INSERT OR REPLACE INTO ModifierArguments (ModifierId, Name, Value) values
('PHOENICIA_COASTAL_CITY_ENVOY', 'ModifierId','PHOENICIA_COASTAL_CITY_ENVOY_MODIFIER'),
('PHOENICIA_COASTAL_CITY_ENVOY_MODIFIER', 'Amount', '1');

INSERT INTO RequirementSets (RequirementSetId, RequirementSetType) VALUES
('REQUIREMENT_PHOENICIA_COASTAL_CITY_ENVOY', 'REQUIREMENTSET_TEST_ALL');
INSERT INTO RequirementSetRequirements (RequirementSetId, RequirementId) VALUES
('REQUIREMENT_PHOENICIA_COASTAL_CITY_ENVOY', 'PLOT_IS_COASTAL_LAND'),
('REQUIREMENT_PHOENICIA_COASTAL_CITY_ENVOY', 'REQUIRES_PLOT_IS_OWNER_CAPITAL_CONTINENT');

--Nubia
INSERT INTO Adjacency_YieldChanges(ID, Description, YieldType, YieldChange, TilesRequired, AdjacentDistrict) VALUES
('Pyramid_EncampmentAdjacency', 'Placeholder', 'YIELD_PRODUCTION', 1, 1, 'DISTRICT_ENCAMPMENT');

INSERT INTO Improvement_Adjacencies (ImprovementType, YieldChangeId) VALUES
('IMPROVEMENT_PYRAMID', 'Pyramid_EncampmentAdjacency');

--Mapuche
INSERT OR REPLACE INTO Improvement_ValidFeatures (ImprovementType, FeatureType, PrereqTech, PrereqCivic) VALUES 
('IMPROVEMENT_CHEMAMULL', 'FEATURE_FOREST', NULL, NULL),
('IMPROVEMENT_CHEMAMULL', 'FEATURE_JUNGLE', NULL, NULL),
('IMPROVEMENT_CHEMAMULL', 'FEATURE_MARSH', 'TECH_IRRIGATION', NULL),
('IMPROVEMENT_CHEMAMULL', 'FEATURE_FLOODPLAINS', 'TECH_BUTTRESS', NULL),
('IMPROVEMENT_CHEMAMULL', 'FEATURE_FLOODPLAINS_GRASSLAND', 'TECH_BUTTRESS', NULL),
('IMPROVEMENT_CHEMAMULL', 'FEATURE_FLOODPLAINS_PLAINS', 'TECH_BUTTRESS', NULL);

UPDATE Improvements SET Appeal = '1' WHERE ImprovementType = 'IMPROVEMENT_CHEMAMULL';

--England
-- UPDATE Traits SET Description='LOC_TRAIT_CIVILIZATION_INDUSTRIAL_REVOLUTION_DESCRIPTION_ZJ' WHERE TraitType='TRAIT_CIVILIZATION_INDUSTRIAL_REVOLUTION';

-- INSERT INTO TraitModifiers(TraitType, ModifierId) VALUES
-- ('TRAIT_CIVILIZATION_INDUSTRIAL_REVOLUTION', 'TRAIT_REVEAL_COAL'),
-- ('TRAIT_CIVILIZATION_INDUSTRIAL_REVOLUTION', 'TRAIT_ACCUMULATE_MORE_ALUMINUM');
-- INSERT INTO Modifiers (ModifierId, ModifierType, RunOnce, Permanent, NewOnly, OwnerRequirementSetId, SubjectRequirementSetId) VALUES 
-- ('TRAIT_REVEAL_COAL', 'MODIFIER_PLAYER_GRANT_FREE_RESOURCE_VISIBILITY', 0, 0, 0, NULL, 'PLAYER_HAS_APPRENTICESHIP'),
-- ('TRAIT_ACCUMULATE_MORE_ALUMINUM', 'MODIFIER_PLAYER_CITIES_ADJUST_EXTRA_ACCUMULATION_SPECIFIC_RESOURCE', 0, 0, 0, NULL, NULL);
-- INSERT INTO ModifierArguments (ModifierId, Name, Value) VALUES 
-- ('TRAIT_REVEAL_COAL', 'ResourceType', 'RESOURCE_COAL'),
-- ('TRAIT_ACCUMULATE_MORE_ALUMINUM', 'ResourceType', 'RESOURCE_ALUMINUM'),
-- ('TRAIT_ACCUMULATE_MORE_ALUMINUM', 'Amount', '2');

INSERT INTO Adjacency_YieldChanges (ID, Description, YieldType, YieldChange, AdjacentDistrict) VALUES
('INDUSTRIAL_ZONE_GOLD', 'LOC_DISTRICT_INDUSTRIAL_ZONE_GOLD_ZJ', 'YIELD_GOLD', '2', 'DISTRICT_INDUSTRIAL_ZONE');
INSERT INTO District_Adjacencies (DistrictType, YieldChangeId) VALUES
('DISTRICT_ROYAL_NAVY_DOCKYARD', 'INDUSTRIAL_ZONE_GOLD');

INSERT INTO RequirementSets (RequirementSetId, RequirementSetType) VALUES 
('PLAYER_HAS_APPRENTICESHIP', 'REQUIREMENTSET_TEST_ALL');
INSERT INTO RequirementSetRequirements (RequirementSetId, RequirementId) VALUES 
('PLAYER_HAS_APPRENTICESHIP', 'REQUIRES_PLAYER_HAS_TECH_APPRENTICESHIP');
INSERT INTO Requirements (RequirementId, RequirementType) VALUES 
('REQUIRES_PLAYER_HAS_TECH_APPRENTICESHIP', 'REQUIREMENT_PLAYER_HAS_TECHNOLOGY');
INSERT INTO RequirementArguments (RequirementId, Name, Value) VALUES 
('REQUIRES_PLAYER_HAS_TECH_APPRENTICESHIP', 'TechnologyType', 'TECH_APPRENTICESHIP');

--Netherlands
UPDATE Traits SET Description='LOC_TRAIT_CIVILIZATION_GROTE_RIVIEREN_DESCRIPTION_ZJ' WHERE TraitType='TRAIT_CIVILIZATION_GROTE_RIVIEREN';

INSERT OR REPLACE INTO TraitModifiers(TraitType, ModifierId) VALUES 
('TRAIT_CIVILIZATION_GROTE_RIVIEREN', 'TRAIT_MASONRY_UNLOCK_DAM');
INSERT OR REPLACE INTO Modifiers (ModifierId, ModifierType, RunOnce, Permanent, NewOnly, OwnerRequirementSetId, SubjectRequirementSetId) VALUES 
('TRAIT_MASONRY_UNLOCK_DAM', 'MODIFIER_PLAYER_ADJUST_DISTRICT_UNLOCK', 0, 0, 0, NULL, NULL);
INSERT OR REPLACE INTO ModifierArguments (ModifierId, Name, Value) VALUES 
('TRAIT_MASONRY_UNLOCK_DAM', 'DistrictType', 'DISTRICT_DAM'),
('TRAIT_MASONRY_UNLOCK_DAM', 'TechType', 'TECH_MASONRY');


--America
UPDATE Traits SET Description = 'LOC_CIVILIZATION_FOUNDING_FATHERS_DESCRIPTION_ZJ' WHERE TraitType = 'TRAIT_CIVILIZATION_FOUNDING_FATHERS';

INSERT INTO TraitModifiers (TraitType, ModifierId) VALUES 
('TRAIT_CIVILIZATION_FOUNDING_FATHERS', 'TRAIT_FOUNDING_FATHERS_PLOTPURCHASECOST');
INSERT INTO Modifiers (ModifierId, ModifierType, RunOnce, Permanent, NewOnly, OwnerRequirementSetId, SubjectRequirementSetId) VALUES 
('TRAIT_FOUNDING_FATHERS_PLOTPURCHASECOST', 'MODIFIER_PLAYER_CITIES_ADJUST_PLOT_PURCHASE_COST', 0, 0, 0, NULL, NULL);
INSERT INTO ModifierArguments (ModifierId, Name, Value) VALUES 
('TRAIT_FOUNDING_FATHERS_PLOTPURCHASECOST', 'Amount', '-25');

--Byzantium
INSERT INTO Adjacency_YieldChanges (ID, Description, YieldType, YieldChange, AdjacentDistrict) VALUES
('Hippodrome_Faith', 'LOC_DISTRICT_HIPPODROME_FAITH_ZJ', 'YIELD_FAITH', '2', 'DISTRICT_HIPPODROME');
INSERT INTO District_Adjacencies (DistrictType, YieldChangeId) VALUES
('DISTRICT_HOLY_SITE', 'Hippodrome_Faith');

--Scythia
UPDATE Traits SET Description = 'LOC_CIVILIZATION_EXTRA_LIGHT_CAVALRY_DESCRIPTION_ZJ' WHERE TraitType = 'TRAIT_CIVILIZATION_EXTRA_LIGHT_CAVALRY';

INSERT INTO TraitModifiers(TraitType, ModifierId) VALUES
('TRAIT_CIVILIZATION_EXTRA_LIGHT_CAVALRY', 'TRAIT_REVEAL_HORSES');
INSERT INTO Modifiers (ModifierId, ModifierType, RunOnce, Permanent, NewOnly, OwnerRequirementSetId, SubjectRequirementSetId) VALUES 
('TRAIT_REVEAL_HORSES', 'MODIFIER_PLAYER_GRANT_FREE_RESOURCE_VISIBILITY', 0, 0, 0, NULL, NULL);
INSERT INTO ModifierArguments (ModifierId, Name, Value) VALUES 
('TRAIT_REVEAL_HORSES', 'ResourceType', 'RESOURCE_HORSES');

--Macedon
UPDATE Units SET Cost='80', Maintenance='3' WHERE UnitType='UNIT_MACEDONIAN_HETAIROI';

INSERT INTO TraitModifiers(TraitType, ModifierId) VALUES 
('TRAIT_CIVILIZATION_HELLENISTIC_FUSION', 'TRAIT_FREE_BASILIKOI_PAIDES_CLASSICAL');
INSERT INTO Modifiers (ModifierId, ModifierType, RunOnce, Permanent, NewOnly, OwnerRequirementSetId, SubjectRequirementSetId) VALUES
('TRAIT_FREE_BASILIKOI_PAIDES_CLASSICAL', 'MODIFIER_PLAYER_CITIES_GRANT_BUILDING_IN_CITY_IGNORE', 0, 0, 0, 'REQUIREMENT_ERA_IS_CLASSICAL', 'CITY_HAS_ENCAMPMENT');
INSERT INTO ModifierArguments (ModifierId, Name, Value) VALUES 
('TRAIT_FREE_BASILIKOI_PAIDES_CLASSICAL', 'BuildingType', 'BUILDING_BASILIKOI_PAIDES');

INSERT INTO RequirementSets (RequirementSetId, RequirementSetType) VALUES 
('REQUIREMENT_ERA_IS_CLASSICAL', 'REQUIREMENTSET_TEST_ALL');
INSERT INTO RequirementSetRequirements (RequirementSetId, RequirementId) VALUES 
('REQUIREMENT_ERA_IS_CLASSICAL', 'ERA_IS_CLASSICAL');
INSERT INTO Requirements (RequirementId, RequirementType) VALUES 
('ERA_IS_CLASSICAL', 'REQUIREMENT_GAME_ERA_IS');
INSERT INTO RequirementArguments (RequirementId, Name, Value) VALUES 
('ERA_IS_CLASSICAL', 'EraType', 'ERA_CLASSICAL');



--Hungary
UPDATE Traits SET Description = 'LOC_CIVILIZATION_PEARL_DANUBE_DESCRIPTION_ZJ' WHERE TraitType = 'TRAIT_CIVILIZATION_PEARL_DANUBE';

INSERT INTO TraitModifiers(TraitType, ModifierId) VALUES 
('TRAIT_CIVILIZATION_PEARL_DANUBE', 'TRAIT_CITY_CENTER_YIELD_FOOD_GEOTHERMAL_FISSURE'),
('TRAIT_CIVILIZATION_PEARL_DANUBE', 'TRAIT_CITY_CENTER_YIELD_PRODUCTION_GEOTHERMAL_FISSURE'),
('TRAIT_CIVILIZATION_PEARL_DANUBE', 'TRAIT_CITY_CENTER_YIELD_HOUSING_GEOTHERMAL_FISSURE');
INSERT INTO Modifiers (ModifierId, ModifierType, RunOnce, Permanent, NewOnly, OwnerRequirementSetId, SubjectRequirementSetId) VALUES
('TRAIT_CITY_CENTER_YIELD_FOOD_GEOTHERMAL_FISSURE', 'MODIFIER_PLAYER_CITIES_ADJUST_CITY_YIELD_CHANGE', 0, 0, 0, NULL, 'REQUIREMENT_CITY_CENTER_ON_GEOTHERMAL_FISSURE'),
('TRAIT_CITY_CENTER_YIELD_PRODUCTION_GEOTHERMAL_FISSURE', 'MODIFIER_PLAYER_CITIES_ADJUST_CITY_YIELD_CHANGE', 0, 0, 0, NULL, 'REQUIREMENT_CITY_CENTER_ON_GEOTHERMAL_FISSURE'),
('TRAIT_CITY_CENTER_YIELD_HOUSING_GEOTHERMAL_FISSURE', 'MODIFIER_PLAYER_DISTRICTS_ADJUST_HOUSING', 0, 0, 0, NULL, 'REQUIREMENT_CITY_CENTER_ON_GEOTHERMAL_FISSURE');
INSERT INTO ModifierArguments (ModifierId, Name, Value) VALUES 
('TRAIT_CITY_CENTER_YIELD_FOOD_GEOTHERMAL_FISSURE', 'Amount', '2'),
('TRAIT_CITY_CENTER_YIELD_FOOD_GEOTHERMAL_FISSURE', 'YieldType', 'YIELD_FOOD'),
('TRAIT_CITY_CENTER_YIELD_PRODUCTION_GEOTHERMAL_FISSURE', 'Amount', '2'),
('TRAIT_CITY_CENTER_YIELD_PRODUCTION_GEOTHERMAL_FISSURE', 'YieldType', 'YIELD_PRODUCTION'),
('TRAIT_CITY_CENTER_YIELD_HOUSING_GEOTHERMAL_FISSURE', 'Amount', '1');

INSERT INTO RequirementSets (RequirementSetId, RequirementSetType) VALUES 
('REQUIREMENT_CITY_CENTER_ON_GEOTHERMAL_FISSURE', 'REQUIREMENTSET_TEST_ALL');
INSERT INTO RequirementSetRequirements (RequirementSetId, RequirementId) VALUES 
('REQUIREMENT_CITY_CENTER_ON_GEOTHERMAL_FISSURE', 'PLOT_HAS_FEATURE_GEOTHERMAL_FISSURE');
INSERT INTO Requirements (RequirementId, RequirementType) VALUES 
('PLOT_HAS_FEATURE_GEOTHERMAL_FISSURE', 'REQUIREMENT_PLOT_FEATURE_TYPE_MATCHES');
INSERT INTO RequirementArguments (RequirementId, Name, Value) VALUES 
('PLOT_HAS_FEATURE_GEOTHERMAL_FISSURE', 'FeatureType', 'FEATURE_GEOTHERMAL_FISSURE');

--Mongolia
UPDATE Traits SET Description = 'LOC_TRAIT_CIVILIZATION_MONGOLIAN_ORTOO_DESCRIPTION_ZJ' WHERE TraitType = 'TRAIT_CIVILIZATION_MONGOLIAN_ORTOO';

INSERT INTO TraitModifiers(TraitType, ModifierId) VALUES 
('TRAIT_CIVILIZATION_MONGOLIAN_ORTOO', 'TRAIT_FIRST_ENCAMPMENT_TRADE_ROUTE');
INSERT INTO Modifiers (ModifierId, ModifierType, RunOnce, Permanent, NewOnly, OwnerRequirementSetId, SubjectRequirementSetId) VALUES
('TRAIT_FIRST_ENCAMPMENT_TRADE_ROUTE', 'MODIFIER_PLAYER_ADJUST_TRADE_ROUTE_CAPACITY', 1, 0, 0, NULL, 'REQUIREMENT_PLAYER_HAS_DISTRICT_ENCAMPMENT');
INSERT INTO ModifierArguments (ModifierId, Name, Value) VALUES 
('TRAIT_FIRST_ENCAMPMENT_TRADE_ROUTE', 'Amount', '1');

INSERT INTO RequirementSets (RequirementSetId, RequirementSetType) VALUES 
('REQUIREMENT_PLAYER_HAS_DISTRICT_ENCAMPMENT', 'REQUIREMENTSET_TEST_ALL');
INSERT INTO RequirementSetRequirements (RequirementSetId, RequirementId) VALUES 
('REQUIREMENT_PLAYER_HAS_DISTRICT_ENCAMPMENT', 'PLAYER_HAS_DISTRICT_ENCAMPMENT');
INSERT INTO Requirements (RequirementId, RequirementType) VALUES 
('PLAYER_HAS_DISTRICT_ENCAMPMENT', 'REQUIREMENT_PLAYER_HAS_DISTRICT');
INSERT INTO RequirementArguments (RequirementId, Name, Value) VALUES 
('PLAYER_HAS_DISTRICT_ENCAMPMENT', 'DistrictType', 'DISTRICT_ENCAMPMENT');

--Norway
UPDATE Buildings SET Description = 'LOC_BUILDING_STAVE_CHURCH_DESCRIPTION_ZJ' WHERE BuildingType = 'BUILDING_STAVE_CHURCH';
UPDATE Building_YieldChanges SET YieldChange = 0 WHERE BuildingType='BUILDING_STAVE_CHURCH' AND YieldType='YIELD_FAITH';
INSERT INTO Building_YieldDistrictCopies (BuildingType, OldYieldType, NewYieldType) VALUES
('BUILDING_STAVE_CHURCH', 'YIELD_FAITH', 'YIELD_FAITH');

INSERT INTO TraitModifiers(TraitType, ModifierId) VALUES 
('TRAIT_CIVILIZATION_BUILDING_STAVE_CHURCH', 'STAVE_CHURCH_TOURISM_4_ADJACENCY'),
('TRAIT_CIVILIZATION_BUILDING_STAVE_CHURCH', 'STAVE_CHURCH_TOURISM_8_ADJACENCY');
INSERT INTO Modifiers (ModifierId, ModifierType, RunOnce, Permanent, NewOnly, OwnerRequirementSetId, SubjectRequirementSetId) VALUES
('STAVE_CHURCH_TOURISM_4_ADJACENCY', 'MODIFIER_PLAYER_DISTRICTS_ADJUST_TOURISM_CHANGE', 0, 0, 0, NULL, 'DISTRICT_IS_HOLY_SITE_STAVE_CHURCH_4_ADJACENCY'),
('STAVE_CHURCH_TOURISM_8_ADJACENCY', 'MODIFIER_PLAYER_DISTRICTS_ADJUST_TOURISM_CHANGE', 0, 0, 0, NULL, 'DISTRICT_IS_HOLY_SITE_STAVE_CHURCH_8_ADJACENCY');
INSERT INTO ModifierArguments (ModifierId, Name, Value) VALUES 
('STAVE_CHURCH_TOURISM_4_ADJACENCY', 'Amount', '10'),
('STAVE_CHURCH_TOURISM_8_ADJACENCY', 'Amount', '10');

INSERT INTO RequirementSets (RequirementSetId, RequirementSetType) VALUES 
('DISTRICT_IS_HOLY_SITE_STAVE_CHURCH_4_ADJACENCY', 'REQUIREMENTSET_TEST_ALL'),
('DISTRICT_IS_HOLY_SITE_STAVE_CHURCH_8_ADJACENCY', 'REQUIREMENTSET_TEST_ALL');
INSERT INTO RequirementSetRequirements (RequirementSetId, RequirementId) VALUES 
('DISTRICT_IS_HOLY_SITE_STAVE_CHURCH_4_ADJACENCY', 'REQUIRES_DISTRICT_IS_HOLY_SITE'),
('DISTRICT_IS_HOLY_SITE_STAVE_CHURCH_4_ADJACENCY', 'REQUIRES_CITY_HAS_STAVE'), --调用数据库中已存在的requires
('DISTRICT_IS_HOLY_SITE_STAVE_CHURCH_4_ADJACENCY', 'REQUIRES_PLAYER_HAS_FLIGHT'),
('DISTRICT_IS_HOLY_SITE_STAVE_CHURCH_4_ADJACENCY', 'REQUIRES_HOLY_SITE_HAS_4_ADJACENCY'),
('DISTRICT_IS_HOLY_SITE_STAVE_CHURCH_8_ADJACENCY', 'REQUIRES_DISTRICT_IS_HOLY_SITE'),
('DISTRICT_IS_HOLY_SITE_STAVE_CHURCH_8_ADJACENCY', 'REQUIRES_CITY_HAS_STAVE'),
('DISTRICT_IS_HOLY_SITE_STAVE_CHURCH_8_ADJACENCY', 'REQUIRES_PLAYER_HAS_FLIGHT'),
('DISTRICT_IS_HOLY_SITE_STAVE_CHURCH_8_ADJACENCY', 'REQUIRES_HOLY_SITE_HAS_8_ADJACENCY');
INSERT INTO Requirements (RequirementId, RequirementType) VALUES 
('REQUIRES_HOLY_SITE_HAS_4_ADJACENCY', 'REQUIREMENT_CITY_HAS_HIGH_ADJACENCY_DISTRICT'),
('REQUIRES_HOLY_SITE_HAS_8_ADJACENCY', 'REQUIREMENT_CITY_HAS_HIGH_ADJACENCY_DISTRICT');
INSERT INTO RequirementArguments (RequirementId, Name, Value) VALUES 
('REQUIRES_HOLY_SITE_HAS_4_ADJACENCY', 'DistrictType', 'DISTRICT_HOLY_SITE'),
('REQUIRES_HOLY_SITE_HAS_4_ADJACENCY', 'YieldType', 'YIELD_FAITH'),
('REQUIRES_HOLY_SITE_HAS_4_ADJACENCY', 'Amount', '4'),
('REQUIRES_HOLY_SITE_HAS_8_ADJACENCY', 'DistrictType', 'DISTRICT_HOLY_SITE'),
('REQUIRES_HOLY_SITE_HAS_8_ADJACENCY', 'YieldType', 'YIELD_FAITH'),
('REQUIRES_HOLY_SITE_HAS_8_ADJACENCY', 'Amount', '8');

--Zulu
UPDATE Districts SET Description = 'LOC_DISTRICT_IKANDA_DESCRIPTION_ZJ' WHERE DistrictType = 'DISTRICT_IKANDA';

REPLACE INTO ModifierArguments (ModifierId, Name, Value) VALUES 
('TRAIT_IKANDA_BARRACKS_SCIENCE', 'YieldType', 'YIELD_CULTURE'),
('TRAIT_IKANDA_STABLE_SCIENCE', 'YieldType', 'YIELD_CULTURE'),
('TRAIT_IKANDA_ARMORY_SCIENCE', 'YieldType', 'YIELD_CULTURE'),
('TRAIT_IKANDA_MILITARY_ACADEMY_SCIENCE', 'YieldType', 'YIELD_CULTURE');