-- CivsBalance
-- Author: zjhao
-- DateCreated: 4/30/2022 12:33:31 PM
--------------------------------------------------------------
--for test
-- UPDATE Units
--     SET BaseMoves=5
--     WHERE UnitType='UNIT_SETTLER';

--Korea
INSERT OR REPLACE INTO Improvement_YieldChanges(ImprovementType, YieldType, YieldChange) VALUES
('IMPROVEMENT_QUARRY', 'YIELD_SCIENCE', 0);
INSERT OR REPLACE INTO Improvement_Adjacencies(ImprovementType, YieldChangeId) VALUES
('IMPROVEMENT_QUARRY', 'Quarry_ScienceSeowonAdjacency');
INSERT OR REPLACE INTO Adjacency_YieldChanges(ID, Description, YieldType, YieldChange, AdjacentDistrict) VALUES
('Quarry_ScienceSeowonAdjacency', 'Placeholder', 'YIELD_SCIENCE', 1, 'DISTRICT_SEOWON');

--Canada
UPDATE Traits SET Description = 'LOC_TRAIT_CIVILIZATION_FACES_OF_PEACE_DESCRIPTION_ZJ' WHERE TraitType = 'TRAIT_CIVILIZATION_FACES_OF_PEACE';

UPDATE Units SET PrereqCivic='CIVIC_NATURAL_HISTORY' WHERE UnitType='UNIT_CANADA_MOUNTIE';

INSERT INTO TraitModifiers (TraitType, ModifierId) VALUES 
('TRAIT_CIVILIZATION_FACES_OF_PEACE', 'TRAIT_CULTURE_AT_PEACE_BONUS'),
('TRAIT_CIVILIZATION_FACES_OF_PEACE', 'TRAIT_NATIONAL_PARK_TOURISM');
INSERT INTO Modifiers (ModifierId, ModifierType, RunOnce, Permanent, NewOnly, OwnerRequirementSetId, SubjectRequirementSetId) VALUES 
('TRAIT_CULTURE_AT_PEACE_BONUS', 'MODIFIER_PLAYER_CITIES_ADJUST_CITY_YIELD_MODIFIER', 0, 0, 0, NULL, 'PLAYER_IS_AT_PEACE_WITH_ALL_MAJORS'),
('TRAIT_NATIONAL_PARK_TOURISM', 'MODIFIER_PLAYER_ADJUST_TOURISM_FROM_NATIONAL_PARKS', 0, 0, 0, NULL, NULL);
INSERT INTO ModifierArguments (ModifierId, Name, Value) VALUES 
('TRAIT_CULTURE_AT_PEACE_BONUS', 'Amount', '15'),
('TRAIT_CULTURE_AT_PEACE_BONUS', 'YieldType', 'YIELD_CULTURE'),
('TRAIT_NATIONAL_PARK_TOURISM', 'Amount', '100');

--Vietnam
UPDATE ModifierArguments
    SET Value=2
    WHERE ModifierId='TRAIT_FOREST_BUILDINGS_CULTURE' AND Name='Amount';
UPDATE ModifierArguments
    SET Value=2
    WHERE ModifierId='TRAIT_JUNGLE_BUILDINGS_SCIENCE' AND Name='Amount';
UPDATE ModifierArguments
    SET Value=2
    WHERE ModifierId='TRAIT_MARSH_BUILDINGS_PRODUCTION' AND Name='Amount';

--Sumeria
--ZIGGURAT buff
UPDATE Improvements SET Description = 'LOC_IMPROVEMENT_ZIGGURAT_DESCRIPTION_ZJ' WHERE ImprovementType = 'IMPROVEMENT_ZIGGURAT';

UPDATE Improvement_YieldChanges SET YieldChange=1 WHERE ImprovementType='IMPROVEMENT_ZIGGURAT' AND YieldType='YIELD_CULTURE';
INSERT OR REPLACE INTO Improvement_BonusYieldChanges (ImprovementType, YieldType, BonusYieldChange, PrereqTech) VALUES
('IMPROVEMENT_ZIGGURAT', 'YIELD_CULTURE', 1, 'TECH_EDUCATION'),
('IMPROVEMENT_ZIGGURAT', 'YIELD_SCIENCE', 1, 'TECH_EDUCATION');

UPDATE Units SET Combat=33 WHERE UnitType='UNIT_SUMERIAN_WAR_CART';

--Sweden
UPDATE Traits SET Description='LOC_TRAIT_CIVILIZATION_NOBEL_PRIZE_DESCRIPTION_ZJ' WHERE TraitType='TRAIT_CIVILIZATION_NOBEL_PRIZE';

UPDATE Buildings SET Cost=145 WHERE BuildingType='BUILDING_QUEENS_BIBLIOTHEQUE';

UPDATE ModifierArguments SET Value=2 WHERE ModifierId = 'TRAIT_GREAT_SCIENTIST_UNIVERSITY_MODIFIER' AND Name='Amount';
UPDATE ModifierArguments SET Value=2 WHERE ModifierId = 'TRAIT_GREAT_ENGINEER_FACTORY_MODIFIER' AND Name='Amount';
INSERT INTO TraitModifiers(TraitType, ModifierId) VALUES
('TRAIT_CIVILIZATION_NOBEL_PRIZE', 'TRAIT_GREAT_ARTIST_MUSEUM_ART_MODIFIER');
INSERT INTO Modifiers (ModifierId, ModifierType, RunOnce, Permanent, NewOnly, OwnerRequirementSetId, SubjectRequirementSetId) VALUES 
('TRAIT_GREAT_ARTIST_MUSEUM_ART_MODIFIER', 'MODIFIER_PLAYER_CITIES_ADJUST_GREAT_PERSON_POINT', 0, 0, 0, NULL, 'BUILDING_IS_MUSEUM_ART');
INSERT INTO ModifierArguments (ModifierId, Name, Value) VALUES 
('TRAIT_GREAT_ARTIST_MUSEUM_ART_MODIFIER', 'GreatPersonClassType', 'GREAT_PERSON_CLASS_ARTIST'),
('TRAIT_GREAT_ARTIST_MUSEUM_ART_MODIFIER', 'Amount', '2');


--Mali
insert or replace into Types (Type,	Kind) values
('MODIFIER_SINGLE_CITY_ADJUST_PLOT_PURCHASE_COST', 'KIND_MODIFIER');
insert or ignore into DynamicModifiers (ModifierType, CollectionType, EffectType) values
('MODIFIER_SINGLE_CITY_ADJUST_PLOT_PURCHASE_COST', 'COLLECTION_OWNER', 'EFFECT_ADJUST_PLOT_PURCHASE_COST');

UPDATE Traits SET Description = 'LOC_TRAIT_LEADER_SAHEL_MERCHANTS_DESCRIPTION_ZJ' WHERE TraitType = 'TRAIT_LEADER_SAHEL_MERCHANTS';
UPDATE Traits SET Description = 'LOC_TRAIT_CIVILIZATION_MALI_GOLD_DESERT_DESCRIPTION_ZJ' WHERE TraitType = 'TRAIT_CIVILIZATION_MALI_GOLD_DESERT';
UPDATE Districts SET Description = 'LOC_DISTRICT_SUGUBA_DESCRIPTION_ZJ' WHERE DistrictType = 'DISTRICT_SUGUBA';

UPDATE Modifiers SET RunOnce=1 WHERE ModifierId='GOLDEN_AGE_TRADE_ROUTE';
INSERT OR REPLACE INTO TraitModifiers(TraitType, ModifierId) VALUES 
('TRAIT_CIVILIZATION_MALI_GOLD_DESERT', 'TRAIT_PURCHASE_GOVERNMENT_PLAZA_BUILDINGS_FAITH'),
('TRAIT_LEADER_SAHEL_MERCHANTS', 'TRAIT_INCREASED_DESERT_GOLD'),
('TRAIT_LEADER_SAHEL_MERCHANTS', 'TRAIT_INCREASED_DESERT_HILLS_GOLD');
INSERT OR REPLACE INTO DistrictModifiers(DistrictType, ModifierId) VALUES 
('DISTRICT_SUGUBA', 'SUGUBA_CHEAPER_PLOT_PURCHASE');

INSERT INTO Modifiers (ModifierId, ModifierType, RunOnce, Permanent, NewOnly, OwnerRequirementSetId, SubjectRequirementSetId) VALUES 
('TRAIT_PURCHASE_GOVERNMENT_PLAZA_BUILDINGS_FAITH', 'MODIFIER_PLAYER_CITIES_ENABLE_BUILDING_FAITH_PURCHASE', 0, 0, 0, NULL, NULL),
('SUGUBA_CHEAPER_PLOT_PURCHASE', 'MODIFIER_SINGLE_CITY_ADJUST_PLOT_PURCHASE_COST', 0, 0, 0, NULL, NULL),
('TRAIT_INCREASED_DESERT_GOLD', 'MODIFIER_PLAYER_ADJUST_PLOT_YIELD', 0, 0, 0, NULL, 'MALI_PLOT_HAS_DESERT_REQUIREMENTS'),
('TRAIT_INCREASED_DESERT_HILLS_GOLD', 'MODIFIER_PLAYER_ADJUST_PLOT_YIELD', 0, 0, 0, NULL, 'MALI_PLOT_HAS_DESERT_HILLS_REQUIREMENTS');
INSERT OR REPLACE INTO ModifierArguments(ModifierId, Name, Value) VALUES 
('TRAIT_PURCHASE_GOVERNMENT_PLAZA_BUILDINGS_FAITH', 'DistrictType', 'DISTRICT_GOVERNMENT'),
('SUGUBA_CHEAPER_PLOT_PURCHASE', 'Amount', '-20'),
('TRAIT_INCREASED_DESERT_GOLD', 'YieldType', 'YIELD_GOLD'),
('TRAIT_INCREASED_DESERT_GOLD', 'Amount', '2'),
('TRAIT_INCREASED_DESERT_HILLS_GOLD', 'YieldType', 'YIELD_GOLD'),
('TRAIT_INCREASED_DESERT_HILLS_GOLD', 'Amount', '2');

INSERT OR REPLACE INTO RequirementSets (RequirementSetId, RequirementSetType) VALUES 
('MALI_PLOT_HAS_DESERT_REQUIREMENTS', 'REQUIREMENTSET_TEST_ALL'),
('MALI_PLOT_HAS_DESERT_HILLS_REQUIREMENTS', 'REQUIREMENTSET_TEST_ALL');
INSERT OR REPLACE INTO RequirementSetRequirements (RequirementSetId, RequirementId) VALUES 
('MALI_PLOT_HAS_DESERT_REQUIREMENTS', 'REQUIRES_PLOT_HAS_DESERT'),
('MALI_PLOT_HAS_DESERT_HILLS_REQUIREMENTS', 'REQUIRES_PLOT_HAS_DESERT_HILLS');

--Maya
-- UPDATE Traits SET Description = 'LOC_TRAIT_LEADER_MUTAL_DESCRIPTION_ZJ' WHERE TraitType = 'TRAIT_LEADER_MUTAL';

-- INSERT OR REPLACE INTO ModifierArguments(ModifierId, Name, Value) VALUES 
-- ('TRAIT_LEADER_NEARBY_CITIES_GAIN_YIELDS', 'Amount', '20, 20, 20, 20, 20, 20'),
-- ('TRAIT_LEADER_NEARBY_CITIES_LOSE_YIELDS', 'Amount', '20, 20, 20, 20, 20, 20'),
-- ('MUTAL_NEAR_CAPITAL_COMBAT', 'Amount', '7');

-- UPDATE Adjacency_YieldChanges SET TilesRequired =1 WHERE ID='Farm_Science';--need update the text

-- Brazil
-- districts do not remove rainforest(hd)
insert or replace into TraitModifiers (TraitType, ModifierId) 
	select 'TRAIT_CIVILIZATION_AMAZON', 'TRAIT_DISRICTS_VALID_JUNGLE' || DistrictType from Districts where DistrictType != 'DISTRICT_CITY_CENTER';
insert or replace into Modifiers    (ModifierId, ModifierType)
    select 'TRAIT_DISRICTS_VALID_JUNGLE' || DistrictType, 'MODIFIER_PLAYER_CITIES_ADJUST_VALID_FEATURES_DISTRICTS' 
    from Districts where DistrictType != 'DISTRICT_CITY_CENTER';
insert or replace into ModifierArguments    (ModifierId,    Name,        Value) 
    select 'TRAIT_DISRICTS_VALID_JUNGLE' || DistrictType, 'DistrictType', DistrictType
    from Districts where DistrictType != 'DISTRICT_CITY_CENTER';
insert or replace into ModifierArguments    (ModifierId,    Name,        Value) 
    select 'TRAIT_DISRICTS_VALID_JUNGLE' || DistrictType, 'FeatureType', 'FEATURE_JUNGLE'
    from Districts where DistrictType != 'DISTRICT_CITY_CENTER';

--Aztec
--EAGLE_WARRIOR +7 combat when fighting against bararians
INSERT INTO TraitModifiers (TraitType, ModifierId) VALUES 
('TRAIT_CIVILIZATION_UNIT_AZTEC_EAGLE_WARRIOR', 'EAGLE_WARRIOR_INCREASE_COMBAT_BARBARIAN');
INSERT INTO Modifiers (ModifierId, ModifierType, RunOnce, Permanent, NewOnly, OwnerRequirementSetId, SubjectRequirementSetId) VALUES 
('EAGLE_WARRIOR_INCREASE_COMBAT_BARBARIAN', 'MODIFIER_PLAYER_UNITS_ADJUST_BARBARIAN_COMBAT', 0, 0, 0, NULL, 'UNITS_ARE_AZTEC_EAGLE_WARRIORS');
INSERT INTO ModifierArguments (ModifierId, Name, Value) VALUES 
('EAGLE_WARRIOR_INCREASE_COMBAT_BARBARIAN', 'Amount', '7');
-- RequirementSets
INSERT INTO RequirementSets (RequirementSetId, RequirementSetType) VALUES 
('UNITS_ARE_AZTEC_EAGLE_WARRIORS', 'REQUIREMENTSET_TEST_ALL');
INSERT INTO RequirementSetRequirements (RequirementSetId, RequirementId) VALUES 
('UNITS_ARE_AZTEC_EAGLE_WARRIORS', 'UNIT_IS_AZTEC_EAGLE_WARRIOR');
-- Requirements
INSERT INTO Requirements (RequirementId, RequirementType) VALUES 
('UNIT_IS_AZTEC_EAGLE_WARRIOR', 'REQUIREMENT_UNIT_TYPE_MATCHES');
INSERT INTO RequirementArguments (RequirementId, Name, Value) VALUES 
('UNIT_IS_AZTEC_EAGLE_WARRIOR', 'UnitType', 'UNIT_AZTEC_EAGLE_WARRIOR');

--Nubian
--Nubian_Pyramid from districts adjacent pyramid, to pyramid adjacent districts
-- UPDATE Improvements SET Description = 'LOC_IMPROVEMENT_PYRAMID_DESCRIPTION_ZJ' WHERE ImprovementType='IMPROVEMENT_PYRAMID';

-- UPDATE Adjacency_YieldChanges 
--     SET YieldChange=0
--     WHERE ID = 'Pyramid_CampusAdjacency';
-- UPDATE Adjacency_YieldChanges 
--     SET YieldChange=0
--     WHERE ID = 'Pyramid_CommercialHubAdjacency';    
-- UPDATE Adjacency_YieldChanges 
--     SET YieldChange=0
--     WHERE ID = 'Pyramid_HarborAdjacency';
-- UPDATE Adjacency_YieldChanges 
--     SET YieldChange=0
--     WHERE ID = 'Pyramid_HolySiteAdjacency';
-- UPDATE Adjacency_YieldChanges 
--     SET YieldChange=0
--     WHERE ID = 'Pyramid_IndustrialZoneAdjacency';
-- UPDATE Adjacency_YieldChanges 
--     SET YieldChange=0
--     WHERE ID = 'Pyramid_TheaterAdjacency';

-- INSERT INTO Adjacency_YieldChanges (ID, Description, YieldType, YieldChange, AdjacentImprovement) VALUES
-- ('Nubian_Pyramid_Faith', 'LOC_DISTRICT_PYRAMID_FAITH_ZJ', 'YIELD_FAITH', '1', 'IMPROVEMENT_PYRAMID'),
-- ('Nubian_Pyramid_Science', 'LOC_DISTRICT_PYRAMID_SCIENCE_ZJ', 'YIELD_SCIENCE', '1', 'IMPROVEMENT_PYRAMID'),
-- ('Nubian_Pyramid_Gold', 'LOC_DISTRICT_PYRAMID_GOLD_ZJ', 'YIELD_GOLD', '1', 'IMPROVEMENT_PYRAMID'),
-- ('Nubian_Pyramid_Production', 'LOC_DISTRICT_PYRAMID_PRODUCTION_ZJ', 'YIELD_PRODUCTION', '1', 'IMPROVEMENT_PYRAMID'),
-- ('Nubian_Pyramid_Culture', 'LOC_DISTRICT_PYRAMID_CULTURE_ZJ', 'YIELD_CULTURE', '1', 'IMPROVEMENT_PYRAMID');

-- INSERT INTO District_Adjacencies (DistrictType, YieldChangeId) VALUES
-- ('DISTRICT_CAMPUS', 'Nubian_Pyramid_Science'),
-- ('DISTRICT_HOLY_SITE', 'Nubian_Pyramid_Faith'),
-- ('DISTRICT_COMMERCIAL_HUB', 'Nubian_Pyramid_Gold'),
-- ('DISTRICT_HARBOR', 'Nubian_Pyramid_Gold'),
-- ('DISTRICT_THEATER', 'Nubian_Pyramid_Culture'),
-- ('DISTRICT_INDUSTRIAL_ZONE', 'Nubian_Pyramid_Production');

--Arabian (Leader_Saladin)
UPDATE Traits SET Description='LOC_CIVILIZATION_LAST_PROPHET_DESCRIPTION_ZJ' WHERE TraitType='TRAIT_CIVILIZATION_LAST_PROPHET';

INSERT INTO TraitModifiers(TraitType, ModifierId) VALUES 
('TRAIT_CIVILIZATION_LAST_PROPHET', 'TRAIT_HOLY_SITE_CULTURE_BOMB');
-- INSERT INTO Modifiers (ModifierId, ModifierType, RunOnce, Permanent, NewOnly, OwnerRequirementSetId, SubjectRequirementSetId) VALUES 
-- ('TRAIT_CAMPUS_CULTURE_BOMB', 'MODIFIER_PLAYER_ADD_CULTURE_BOMB_TRIGGER', 0, 0, 0, NULL, NULL);
-- INSERT INTO ModifierArguments (ModifierId, Name, Value) VALUES 
-- ('TRAIT_CAMPUS_CULTURE_BOMB', 'DistrictType', 'DISTRICT_CAMPUS');

INSERT OR REPLACE INTO Building_YieldChanges (BuildingType, YieldType, YieldChange) VALUES('BUILDING_MADRASA', 'YIELD_CULTURE', 2);

--Rome
UPDATE Traits SET Description='LOC_TRAIT_CIVILIZATION_ALL_ROADS_TO_ROME_DESCRIPTION_ZJ' WHERE TraitType='TRAIT_CIVILIZATION_ALL_ROADS_TO_ROME';
INSERT INTO StartBiasResources (CivilizationType, ResourceType, Tier) VALUES
('CIVILIZATION_ROME', 'RESOURCE_IRON', '2');

INSERT OR REPLACE INTO TraitModifiers (TraitType, ModifierId) VALUES 
('TRAIT_CIVILIZATION_ALL_ROADS_TO_ROME', 'TRAIT_INCREASE_COMBAT_BARBARIAN');
INSERT OR REPLACE INTO Modifiers (ModifierId, ModifierType, RunOnce, Permanent, NewOnly, OwnerRequirementSetId, SubjectRequirementSetId) VALUES 
('TRAIT_INCREASE_COMBAT_BARBARIAN', 'MODIFIER_PLAYER_UNITS_ADJUST_BARBARIAN_COMBAT', 0, 0, 0, NULL, NULL);
INSERT OR REPLACE INTO ModifierArguments (ModifierId, Name, Value) VALUES 
('TRAIT_INCREASE_COMBAT_BARBARIAN', 'Amount', '4');


--Phoenicia
UPDATE Traits SET Description ='LOC_TRAIT_CIVILIZATION_MEDITERRANEAN_COLONIES_DESCRIPTION_ZJ' WHERE TraitType='TRAIT_CIVILIZATION_MEDITERRANEAN_COLONIES';

DELETE FROM TraitModifiers WHERE ModifierId='TRAIT_FREE_TECH_BOOST_WRITING';

INSERT OR REPLACE INTO TraitModifiers (TraitType, ModifierId) values
('TRAIT_CIVILIZATION_MEDITERRANEAN_COLONIES', 'PHOENICIA_COASTAL_CITY_ENVOY');
INSERT INTO Modifiers (ModifierId, ModifierType, RunOnce, Permanent, NewOnly, OwnerRequirementSetId, SubjectRequirementSetId) VALUES 
('PHOENICIA_COASTAL_CITY_ENVOY', 'MODIFIER_ALL_CITIES_ATTACH_MODIFIER', 0, 0, 0, NULL, 'REQUIREMENT_PHOENICIA_COASTAL_CITY_ENVOY'),
('PHOENICIA_COASTAL_CITY_ENVOY_MODIFIER', 'MODIFIER_PLAYER_GRANT_INFLUENCE_TOKEN', 0, 0, 0, NULL, NULL);
INSERT OR REPLACE INTO ModifierArguments (ModifierId, Name, Value) values
('PHOENICIA_COASTAL_CITY_ENVOY', 'ModifierId','PHOENICIA_COASTAL_CITY_ENVOY_MODIFIER'),
('PHOENICIA_COASTAL_CITY_ENVOY_MODIFIER', 'Amount', '1');

INSERT OR REPLACE INTO District_CitizenYieldChanges (DistrictType, YieldType, YieldChange) VALUES
('DISTRICT_COTHON', 'YIELD_FOOD', '2'),
('DISTRICT_COTHON', 'YIELD_PRODUCTION', '1');

INSERT INTO RequirementSets (RequirementSetId, RequirementSetType) VALUES
('REQUIREMENT_PHOENICIA_COASTAL_CITY_ENVOY', 'REQUIREMENTSET_TEST_ALL');	
INSERT INTO RequirementSetRequirements (RequirementSetId, RequirementId) VALUES
('REQUIREMENT_PHOENICIA_COASTAL_CITY_ENVOY', 'PLOT_IS_COASTAL_LAND'),
('REQUIREMENT_PHOENICIA_COASTAL_CITY_ENVOY', 'REQUIRES_NOT_CAPITAL_CITY');
INSERT INTO Requirements (RequirementId, RequirementType, Reverse) VALUES
('REQUIRES_NOT_CAPITAL_CITY', 'REQUIREMENT_COLLECTION_COUNT_ATLEAST', 1);
INSERT INTO RequirementArguments (RequirementId, Name, Value) VALUES 	
('REQUIRES_NOT_CAPITAL_CITY', 'CollectionType',	'COLLECTION_PLAYER_CAPITAL_CITY'),
('REQUIRES_NOT_CAPITAL_CITY', 'Count', '1');



--Ethiopia
UPDATE Traits SET Description = 'LOC_TRAIT_LEADER_MENELIK_DESCRIPTION_ZJ' WHERE TraitType = 'TRAIT_LEADER_MENELIK';

UPDATE ModifierArguments
    SET Value=20
    WHERE ModifierId='TRAIT_FAITH_INTO_CULTURE_HILLS' AND Name='Amount';
UPDATE ModifierArguments
    SET Value=20
    WHERE ModifierId='TRAIT_FAITH_INTO_SCIENCE_HILLS' AND Name='Amount';

--Mapuche
UPDATE Improvements SET Appeal = '1' WHERE ImprovementType = 'IMPROVEMENT_CHEMAMULL';
UPDATE Improvements SET PrereqCivic = 'CIVIC_MYSTICISM' WHERE ImprovementType = 'IMPROVEMENT_CHEMAMULL';

--England
UPDATE Traits SET Description='LOC_TRAIT_CIVILIZATION_INDUSTRIAL_REVOLUTION_DESCRIPTION_ZJ' WHERE TraitType='TRAIT_CIVILIZATION_INDUSTRIAL_REVOLUTION';

INSERT INTO TraitModifiers(TraitType, ModifierId) VALUES
('TRAIT_CIVILIZATION_INDUSTRIAL_REVOLUTION', 'TRAIT_REVEAL_COAL'),
('TRAIT_CIVILIZATION_INDUSTRIAL_REVOLUTION', 'TRAIT_REVEAL_ALUMINUM');
INSERT INTO Modifiers (ModifierId, ModifierType, RunOnce, Permanent, NewOnly, OwnerRequirementSetId, SubjectRequirementSetId) VALUES 
('TRAIT_REVEAL_COAL', 'MODIFIER_PLAYER_GRANT_FREE_RESOURCE_VISIBILITY', 0, 0, 0, NULL, 'REQUIREMENT_PLAYER_HAS_TECH_APPRENTICESHIP'),
('TRAIT_REVEAL_ALUMINUM', 'MODIFIER_PLAYER_GRANT_FREE_RESOURCE_VISIBILITY', 0, 0, 0, NULL, 'REQUIREMENT_PLAYER_HAS_TECH_INDUSTRIALIZATION'),
('TRAIT_ACCUMULATE_MORE_ALUMINUM', 'MODIFIER_PLAYER_CITIES_ADJUST_EXTRA_ACCUMULATION_SPECIFIC_RESOURCE', 0, 0, 0, NULL, NULL);
INSERT INTO ModifierArguments (ModifierId, Name, Value) VALUES 
('TRAIT_REVEAL_COAL', 'ResourceType', 'RESOURCE_COAL'),
('TRAIT_REVEAL_ALUMINUM', 'ResourceType', 'RESOURCE_ALUMINUM'),
('TRAIT_ACCUMULATE_MORE_ALUMINUM', 'ResourceType', 'RESOURCE_ALUMINUM'),
('TRAIT_ACCUMULATE_MORE_ALUMINUM', 'Amount', '2');

INSERT OR REPLACE INTO RequirementSets (RequirementSetId, RequirementSetType) VALUES 
('REQUIREMENT_PLAYER_HAS_TECH_APPRENTICESHIP', 'REQUIREMENTSET_TEST_ALL'),
('REQUIREMENT_PLAYER_HAS_TECH_INDUSTRIALIZATION', 'REQUIREMENTSET_TEST_ALL');
INSERT OR REPLACE INTO RequirementSetRequirements (RequirementSetId, RequirementId) VALUES 
('REQUIREMENT_PLAYER_HAS_TECH_APPRENTICESHIP', 'PLAYER_HAS_TECH_APPRENTICESHIP'),
('REQUIREMENT_PLAYER_HAS_TECH_INDUSTRIALIZATION', 'PLAYER_HAS_TECH_INDUSTRIALIZATION');
INSERT OR REPLACE INTO Requirements (RequirementId, RequirementType) VALUES 
('PLAYER_HAS_TECH_INDUSTRIALIZATION', 'REQUIREMENT_PLAYER_HAS_TECHNOLOGY');
INSERT OR REPLACE INTO RequirementArguments (RequirementId, Name, Value) VALUES 
('PLAYER_HAS_TECH_INDUSTRIALIZATION', 'TechnologyType', 'TECH_INDUSTRIALIZATION');

UPDATE ModifierArguments
    SET Value=5 --city state +3
    WHERE ModifierId LIKE 'TRAIT_POWERED_BUILDINGS_MORE_%' AND Name='Amount';

UPDATE ModifierArguments
    SET Value=25
    WHERE ModifierId = 'TRAIT_ADJUST_INDUSTRIAL_ZONE_BUILDINGS_PRODUCTION' AND Name='Amount';

--Netherlands
UPDATE Traits SET Description='LOC_TRAIT_CIVILIZATION_GROTE_RIVIEREN_DESCRIPTION_ZJ' WHERE TraitType='TRAIT_CIVILIZATION_GROTE_RIVIEREN';
UPDATE Traits SET Description='LOC_TRAIT_RADIO_ORANJE_DESCRIPTION_ZJ' WHERE TraitType='TRAIT_RADIO_ORANJE';

INSERT OR REPLACE INTO TraitModifiers(TraitType, ModifierId) VALUES 
('TRAIT_CIVILIZATION_GROTE_RIVIEREN', 'TRAIT_MASONRY_UNLOCK_DAM'),
-- ('TRAIT_RADIO_ORANJE', 'TRAIT_CULTURE_AT_WAR_BONUS'),
('TRAIT_RADIO_ORANJE', 'TRAIT_GOLD_AT_PEACE_BONUS');
INSERT OR REPLACE INTO Modifiers (ModifierId, ModifierType, RunOnce, Permanent, NewOnly, OwnerRequirementSetId, SubjectRequirementSetId) VALUES 
('TRAIT_MASONRY_UNLOCK_DAM', 'MODIFIER_PLAYER_ADJUST_DISTRICT_UNLOCK', 0, 0, 0, NULL, NULL),
-- ('TRAIT_CULTURE_AT_WAR_BONUS', 'MODIFIER_PLAYER_CITIES_ADJUST_CITY_YIELD_MODIFIER', 0, 0, 0, NULL, 'OWNER_OR_ALLY_IS_AT_WAR_REQUIREMENTS'),
('TRAIT_GOLD_AT_PEACE_BONUS', 'MODIFIER_PLAYER_CITIES_ADJUST_CITY_YIELD_MODIFIER', 0, 0, 0, NULL, 'PLAYER_IS_AT_PEACE_WITH_ALL_MAJORS');

INSERT OR REPLACE INTO ModifierArguments (ModifierId, Name, Value) VALUES 
('TRAIT_MASONRY_UNLOCK_DAM', 'DistrictType', 'DISTRICT_DAM'),
('TRAIT_MASONRY_UNLOCK_DAM', 'TechType', 'TECH_MASONRY'),
-- ('TRAIT_CULTURE_AT_WAR_BONUS', 'Amount', '10'),
-- ('TRAIT_CULTURE_AT_WAR_BONUS', 'Description', 'LOC_CULTURE_AT_WAR_BONUS_ZJ'),
-- ('TRAIT_CULTURE_AT_WAR_BONUS', 'YieldType', 'YIELD_CULTURE'),
('TRAIT_GOLD_AT_PEACE_BONUS', 'Amount', '15'),
('TRAIT_GOLD_AT_PEACE_BONUS', 'Description', 'LOC_GOLD_AT_PEACE_BONUS_ZJ'),
('TRAIT_GOLD_AT_PEACE_BONUS', 'YieldType', 'YIELD_GOLD');


--America
UPDATE Traits SET Description = 'LOC_CIVILIZATION_FOUNDING_FATHERS_DESCRIPTION_ZJ' WHERE TraitType = 'TRAIT_CIVILIZATION_FOUNDING_FATHERS';

INSERT INTO TraitModifiers (TraitType, ModifierId) VALUES 
('TRAIT_CIVILIZATION_FOUNDING_FATHERS', 'TRAIT_FOUNDING_FATHERS_PLOTPURCHASECOST');
INSERT INTO Modifiers (ModifierId, ModifierType, RunOnce, Permanent, NewOnly, OwnerRequirementSetId, SubjectRequirementSetId) VALUES 
('TRAIT_FOUNDING_FATHERS_PLOTPURCHASECOST', 'MODIFIER_PLAYER_CITIES_ADJUST_PLOT_PURCHASE_COST', 0, 0, 0, NULL, NULL);
INSERT INTO ModifierArguments (ModifierId, Name, Value) VALUES 
('TRAIT_FOUNDING_FATHERS_PLOTPURCHASECOST', 'Amount', '-25');

--Byzantium
INSERT INTO Adjacency_YieldChanges (ID, Description, YieldType, YieldChange, AdjacentDistrict) VALUES
('Hippodrome_Faith', 'LOC_DISTRICT_HIPPODROME_FAITH_ZJ', 'YIELD_FAITH', '2', 'DISTRICT_HIPPODROME');
INSERT INTO District_Adjacencies (DistrictType, YieldChangeId) VALUES
('DISTRICT_HOLY_SITE', 'Hippodrome_Faith');

--Scythia
UPDATE Traits SET Description = 'LOC_CIVILIZATION_EXTRA_LIGHT_CAVALRY_DESCRIPTION_ZJ' WHERE TraitType = 'TRAIT_CIVILIZATION_EXTRA_LIGHT_CAVALRY';

INSERT INTO TraitModifiers(TraitType, ModifierId) VALUES
('TRAIT_CIVILIZATION_EXTRA_LIGHT_CAVALRY', 'TRAIT_REVEAL_HORSES');
INSERT INTO Modifiers (ModifierId, ModifierType, RunOnce, Permanent, NewOnly, OwnerRequirementSetId, SubjectRequirementSetId) VALUES 
('TRAIT_REVEAL_HORSES', 'MODIFIER_PLAYER_GRANT_FREE_RESOURCE_VISIBILITY', 0, 0, 0, NULL, NULL);
INSERT INTO ModifierArguments (ModifierId, Name, Value) VALUES 
('TRAIT_REVEAL_HORSES', 'ResourceType', 'RESOURCE_HORSES');


--Poland
UPDATE Traits SET Description = 'LOC_TRAIT_CIVILIZATION_GOLDEN_LIBERTY_DESCRIPTION_ZJ' WHERE TraitType = 'TRAIT_CIVILIZATION_GOLDEN_LIBERTY';
UPDATE Buildings SET Description = 'LOC_BUILDING_SUKIENNICE_EXPANSION1_DESCRIPTION_ZJ' WHERE BuildingType='BUILDING_SUKIENNICE';

INSERT INTO TraitModifiers(TraitType, ModifierId) VALUES
('TRAIT_CIVILIZATION_GOLDEN_LIBERTY', 'TRAIT_GOLDEN_LIBERTY_DISTRICTS_GRASS_PLAINS_HOUSING');

INSERT INTO Building_YieldChanges (BuildingType, YieldType, YieldChange) VALUES
('BUILDING_SUKIENNICE', 'YIELD_PRODUCTION', '2');

INSERT INTO BuildingModifiers (BuildingType, ModifierId) VALUES 
('BUILDING_SUKIENNICE', 'TRAIT_SUKIENNICE_GRANT_GOLD'),
('BUILDING_SUKIENNICE', 'TRAIT_SUKIENNICE_PRODUCTION_MIRRORS_GOLD');
INSERT INTO Modifiers (ModifierId, ModifierType, RunOnce, Permanent, NewOnly, OwnerRequirementSetId, SubjectRequirementSetId) VALUES 
('TRAIT_GOLDEN_LIBERTY_DISTRICTS_GRASS_PLAINS_HOUSING', 'MODIFIER_PLAYER_DISTRICTS_ADJUST_HOUSING', 0, 0, 0, NULL, 'REQUIREMENT_PLOT_IS_GRASS_OR_PLAINS'),
('TRAIT_SUKIENNICE_GRANT_GOLD', 'MODIFIER_PLAYER_GRANT_YIELD', 1, 0, 0, NULL, NULL),
('TRAIT_SUKIENNICE_PRODUCTION_MIRRORS_GOLD', 'MODIFIER_PLAYER_DISTRICT_ADJUST_YIELD_BASED_ON_ADJACENCY_BONUS', 0, 0, 0, NULL, NULL);
INSERT INTO ModifierArguments (ModifierId, Name, Value) VALUES 
('TRAIT_SUKIENNICE_GRANT_GOLD', 'Amount', '480'),
('TRAIT_SUKIENNICE_GRANT_GOLD', 'YieldType', 'YIELD_GOLD'),
('TRAIT_GOLDEN_LIBERTY_DISTRICTS_GRASS_PLAINS_HOUSING', 'Amount', '1'),
('TRAIT_SUKIENNICE_PRODUCTION_MIRRORS_GOLD', 'YieldTypeToGrant', 'YIELD_PRODUCTION'),
('TRAIT_SUKIENNICE_PRODUCTION_MIRRORS_GOLD', 'YieldTypeToMirror', 'YIELD_GOLD');

INSERT INTO RequirementSets (RequirementSetId, RequirementSetType) VALUES 
('REQUIREMENT_PLOT_IS_GRASS_OR_PLAINS', 'REQUIREMENTSET_TEST_ANY');
INSERT INTO RequirementSetRequirements (RequirementSetId, RequirementId) VALUES 
('REQUIREMENT_PLOT_IS_GRASS_OR_PLAINS', 'PLOT_IS_GRASS'),
('REQUIREMENT_PLOT_IS_GRASS_OR_PLAINS', 'PLOT_IS_PLAINS');
INSERT INTO Requirements (RequirementId, RequirementType) VALUES 
('PLOT_IS_GRASS', 'REQUIREMENT_PLOT_TERRAIN_TYPE_MATCHES'),
('PLOT_IS_PLAINS', 'REQUIREMENT_PLOT_TERRAIN_TYPE_MATCHES');
INSERT INTO RequirementArguments (RequirementId, Name, Value) VALUES 
('PLOT_IS_GRASS', 'TerrainType', 'TERRAIN_GRASS'),
('PLOT_IS_PLAINS', 'TerrainType', 'TERRAIN_PLAINS');

--Ottomans
-- UPDATE Units
--     SET Maintenance=6
--     WHERE UnitsType='UNIT_SULEIMAN_JANISSARY';

--leader_Kublai Khan 
UPDATE Traits SET Description = 'LOC_TRAIT_LEADER_KUBLAI_DESCRIPTION_ZJ' WHERE TraitType = 'TRAIT_LEADER_KUBLAI';

INSERT INTO TraitModifiers(TraitType, ModifierId) VALUES 
('TRAIT_LEADER_KUBLAI', 'TRAIT_FIRST_ENCAMPMENT_TRADE_ROUTE'),
('TRAIT_LEADER_KUBLAI', 'TRAIT_BUILDING_BARRACKS_GOLD'),
('TRAIT_LEADER_KUBLAI', 'TRAIT_BUILDING_STABLE_GOLD'),
('TRAIT_LEADER_KUBLAI', 'TRAIT_BUILDING_ARMORY_GOLD'),
('TRAIT_LEADER_KUBLAI', 'TRAIT_BUILDING_MILITARY_ACADEMY_GOLD');
INSERT INTO Modifiers (ModifierId, ModifierType, RunOnce, Permanent, NewOnly, OwnerRequirementSetId, SubjectRequirementSetId) VALUES
('TRAIT_FIRST_ENCAMPMENT_TRADE_ROUTE', 'MODIFIER_ALL_DISTRICTS_ATTACH_MODIFIER', 0, 0, 0, NULL, 'REQUIREMENT_DISTRICT_IS_DISTRICT_ENCAMPMENT'),
('TRAIT_FIRST_ENCAMPMENT_TRADE_ROUTE_MODIFIER', 'MODIFIER_PLAYER_ADJUST_TRADE_ROUTE_CAPACITY', 1, 0, 0, NULL, NULL),
('TRAIT_BUILDING_BARRACKS_GOLD', 'MODIFIER_PLAYER_CITIES_ADJUST_BUILDING_YIELD_CHANGE', 0, 0, 0, NULL, NULL),
('TRAIT_BUILDING_STABLE_GOLD', 'MODIFIER_PLAYER_CITIES_ADJUST_BUILDING_YIELD_CHANGE', 0, 0, 0, NULL, NULL),
('TRAIT_BUILDING_ARMORY_GOLD', 'MODIFIER_PLAYER_CITIES_ADJUST_BUILDING_YIELD_CHANGE', 0, 0, 0, NULL, NULL),
('TRAIT_BUILDING_MILITARY_ACADEMY_GOLD', 'MODIFIER_PLAYER_CITIES_ADJUST_BUILDING_YIELD_CHANGE', 0, 0, 0, NULL, NULL);
INSERT INTO ModifierArguments (ModifierId, Name, Value) VALUES 
('TRAIT_FIRST_ENCAMPMENT_TRADE_ROUTE', 'ModifierId', 'TRAIT_FIRST_ENCAMPMENT_TRADE_ROUTE_MODIFIER'),
('TRAIT_FIRST_ENCAMPMENT_TRADE_ROUTE_MODIFIER', 'Amount', '1'),
('TRAIT_BUILDING_BARRACKS_GOLD', 'Amount', '5'),
('TRAIT_BUILDING_BARRACKS_GOLD', 'BuildingType', 'BUILDING_BARRACKS'),
('TRAIT_BUILDING_BARRACKS_GOLD', 'YieldType', 'YIELD_GOLD'),
('TRAIT_BUILDING_STABLE_GOLD', 'Amount', '5'),
('TRAIT_BUILDING_STABLE_GOLD', 'BuildingType', 'BUILDING_STABLE'),
('TRAIT_BUILDING_STABLE_GOLD', 'YieldType', 'YIELD_GOLD'),
('TRAIT_BUILDING_ARMORY_GOLD', 'Amount', '5'),
('TRAIT_BUILDING_ARMORY_GOLD', 'BuildingType', 'BUILDING_ARMORY'),
('TRAIT_BUILDING_ARMORY_GOLD', 'YieldType', 'YIELD_GOLD'),
('TRAIT_BUILDING_MILITARY_ACADEMY_GOLD', 'Amount', '5'),
('TRAIT_BUILDING_MILITARY_ACADEMY_GOLD', 'BuildingType', 'BUILDING_MILITARY_ACADEMY'),
('TRAIT_BUILDING_MILITARY_ACADEMY_GOLD', 'YieldType', 'YIELD_GOLD');

INSERT INTO RequirementSets (RequirementSetId, RequirementSetType) VALUES 
('REQUIREMENT_DISTRICT_IS_DISTRICT_ENCAMPMENT', 'REQUIREMENTSET_TEST_ALL');
INSERT INTO RequirementSetRequirements (RequirementSetId, RequirementId) VALUES 
('REQUIREMENT_DISTRICT_IS_DISTRICT_ENCAMPMENT', 'DISTRICT_IS_DISTRICT_ENCAMPMENT');
INSERT INTO Requirements (RequirementId, RequirementType) VALUES 
('DISTRICT_IS_DISTRICT_ENCAMPMENT', 'REQUIREMENT_DISTRICT_TYPE_MATCHES');
INSERT INTO RequirementArguments (RequirementId, Name, Value) VALUES 
('DISTRICT_IS_DISTRICT_ENCAMPMENT', 'DistrictType', 'DISTRICT_ENCAMPMENT');


--Germany
-- INSERT OR REPLACE INTO Adjacency_YieldChanges (ID, Description, YieldType, YieldChange, AdjacentDistrict) VALUES
-- ('HANSA_Gold', 'LOC_DISTRICT_HANSA_GOLD_ZJ', 'YIELD_GOLD', '2', 'DISTRICT_HANSA');
-- INSERT OR REPLACE INTO District_Adjacencies (DistrictType, YieldChangeId) VALUES
-- ('DISTRICT_COMMERCIAL_HUB', 'HANSA_Gold'),
-- ('DISTRICT_HARBOR', 'HANSA_Gold');


--Hungary
UPDATE Traits SET Description = 'LOC_CIVILIZATION_PEARL_DANUBE_DESCRIPTION_ZJ' WHERE TraitType = 'TRAIT_CIVILIZATION_PEARL_DANUBE';

INSERT INTO TraitModifiers(TraitType, ModifierId) VALUES 
('TRAIT_CIVILIZATION_PEARL_DANUBE', 'TRAIT_CITY_CENTER_YIELD_FOOD_GEOTHERMAL_FISSURE'),
('TRAIT_CIVILIZATION_PEARL_DANUBE', 'TRAIT_CITY_CENTER_YIELD_PRODUCTION_GEOTHERMAL_FISSURE'),
('TRAIT_CIVILIZATION_PEARL_DANUBE', 'TRAIT_CITY_CENTER_YIELD_HOUSING_GEOTHERMAL_FISSURE');
INSERT INTO Modifiers (ModifierId, ModifierType, RunOnce, Permanent, NewOnly, OwnerRequirementSetId, SubjectRequirementSetId) VALUES
('TRAIT_CITY_CENTER_YIELD_FOOD_GEOTHERMAL_FISSURE', 'MODIFIER_PLAYER_CITIES_ADJUST_CITY_YIELD_CHANGE', 0, 0, 0, NULL, 'REQUIREMENT_CITY_CENTER_ON_GEOTHERMAL_FISSURE'),
('TRAIT_CITY_CENTER_YIELD_PRODUCTION_GEOTHERMAL_FISSURE', 'MODIFIER_PLAYER_CITIES_ADJUST_CITY_YIELD_CHANGE', 0, 0, 0, NULL, 'REQUIREMENT_CITY_CENTER_ON_GEOTHERMAL_FISSURE'),
('TRAIT_CITY_CENTER_YIELD_HOUSING_GEOTHERMAL_FISSURE', 'MODIFIER_PLAYER_DISTRICTS_ADJUST_HOUSING', 0, 0, 0, NULL, 'REQUIREMENT_CITY_CENTER_ON_GEOTHERMAL_FISSURE');
INSERT INTO ModifierArguments (ModifierId, Name, Value) VALUES 
('TRAIT_CITY_CENTER_YIELD_FOOD_GEOTHERMAL_FISSURE', 'Amount', '2'),
('TRAIT_CITY_CENTER_YIELD_FOOD_GEOTHERMAL_FISSURE', 'YieldType', 'YIELD_FOOD'),
('TRAIT_CITY_CENTER_YIELD_PRODUCTION_GEOTHERMAL_FISSURE', 'Amount', '2'),
('TRAIT_CITY_CENTER_YIELD_PRODUCTION_GEOTHERMAL_FISSURE', 'YieldType', 'YIELD_PRODUCTION'),
('TRAIT_CITY_CENTER_YIELD_HOUSING_GEOTHERMAL_FISSURE', 'Amount', '1');

INSERT INTO RequirementSets (RequirementSetId, RequirementSetType) VALUES 
('REQUIREMENT_CITY_CENTER_ON_GEOTHERMAL_FISSURE', 'REQUIREMENTSET_TEST_ALL');
INSERT INTO RequirementSetRequirements (RequirementSetId, RequirementId) VALUES 
('REQUIREMENT_CITY_CENTER_ON_GEOTHERMAL_FISSURE', 'PLOT_HAS_FEATURE_GEOTHERMAL_FISSURE');
INSERT INTO Requirements (RequirementId, RequirementType) VALUES 
('PLOT_HAS_FEATURE_GEOTHERMAL_FISSURE', 'REQUIREMENT_PLOT_FEATURE_TYPE_MATCHES');
INSERT INTO RequirementArguments (RequirementId, Name, Value) VALUES 
('PLOT_HAS_FEATURE_GEOTHERMAL_FISSURE', 'FeatureType', 'FEATURE_GEOTHERMAL_FISSURE');


--Eleanor
UPDATE Traits SET Description = 'LOC_LEADER_ELEANOR_LOYALTY_DESCRIPTION_ZJ' WHERE TraitType = 'TRAIT_LEADER_ELEANOR_LOYALTY';

INSERT INTO TraitModifiers(TraitType, ModifierId) VALUES 
('TRAIT_LEADER_ELEANOR_LOYALTY', 'TRAIT_REPLACE_ECONOMY_SLOT_WITH_WILDCARD');
INSERT INTO Modifiers (ModifierId, ModifierType, RunOnce, Permanent, NewOnly, OwnerRequirementSetId, SubjectRequirementSetId) VALUES
('TRAIT_REPLACE_ECONOMY_SLOT_WITH_WILDCARD', 'MODIFIER_PLAYER_CULTURE_REPLACE_GOVERNMENT_SLOTS', 0, 0, 0, NULL, NULL);
INSERT INTO ModifierArguments (ModifierId, Name, Value) VALUES 
('TRAIT_REPLACE_ECONOMY_SLOT_WITH_WILDCARD', 'AddedGovernmentSlotType', 'SLOT_WILDCARD'),
('TRAIT_REPLACE_ECONOMY_SLOT_WITH_WILDCARD', 'ReplacedGovernmentSlotType', 'SLOT_ECONOMIC');

