--France
--TEXT
UPDATE Traits SET Description = 'LOC_TRAIT_CIVILIZATION_WONDER_TOURISM_DESCRIPTION_ZJ' WHERE TraitType = 'TRAIT_CIVILIZATION_WONDER_TOURISM';
UPDATE Traits SET Description = 'LOC_TRAIT_LEADER_FLYING_SQUADRON_DESCRIPTION_ZJ' WHERE TraitType = 'FLYING_SQUADRON_TRAIT';
UPDATE Traits SET Description = 'LOC_TRAIT_LEADER_CATHERINE_DE_MEDICI_ALT_DESCRIPTION_ZJ' WHERE TraitType = 'LEADER_CATHERINE_DE_MEDICI_ALT';

INSERT INTO TraitModifiers (TraitType, ModifierId) VALUES --Buildings in theater increase city culture by 15%
('TRAIT_CIVILIZATION_WONDER_TOURISM', 'TRAIT_AMPHITHEATER_CITY_CULTURE'),
('TRAIT_CIVILIZATION_WONDER_TOURISM', 'TRAIT_MUSEUM_ART_CITY_CULTURE'),
('TRAIT_CIVILIZATION_WONDER_TOURISM', 'TRAIT_MUSEUM_ARTIFACT_CITY_CULTURE'),
('TRAIT_CIVILIZATION_WONDER_TOURISM', 'TRAIT_BROADCAST_CENTER_CITY_CULTURE');
INSERT INTO Modifiers (ModifierId, ModifierType, RunOnce, Permanent, NewOnly, OwnerRequirementSetId, SubjectRequirementSetId) VALUES 
('TRAIT_AMPHITHEATER_CITY_CULTURE', 'MODIFIER_PLAYER_CITIES_ADJUST_CITY_YIELD_MODIFIER', 0, 0, 0, NULL, 'CITY_HAS_AMPHITHEATER'),
('TRAIT_MUSEUM_ART_CITY_CULTURE', 'MODIFIER_PLAYER_CITIES_ADJUST_CITY_YIELD_MODIFIER', 0, 0, 0, NULL, 'CITY_HAS_MUSEUM_ART'),
('TRAIT_MUSEUM_ARTIFACT_CITY_CULTURE', 'MODIFIER_PLAYER_CITIES_ADJUST_CITY_YIELD_MODIFIER', 0, 0, 0, NULL, 'CITY_HAS_MUSEUM_ARTIFACT'),
('TRAIT_BROADCAST_CENTER_CITY_CULTURE', 'MODIFIER_PLAYER_CITIES_ADJUST_CITY_YIELD_MODIFIER', 0, 0, 0, NULL, 'CITY_HAS_BROADCAST_CENTER');
INSERT INTO ModifierArguments (ModifierId, Name, Value) VALUES 
('TRAIT_AMPHITHEATER_CITY_CULTURE', 'Amount', '10'),
('TRAIT_AMPHITHEATER_CITY_CULTURE', 'YieldType', 'YIELD_CULTURE'),
('TRAIT_MUSEUM_ART_CITY_CULTURE', 'Amount', '10'),
('TRAIT_MUSEUM_ART_CITY_CULTURE', 'YieldType', 'YIELD_CULTURE'),
('TRAIT_MUSEUM_ARTIFACT_CITY_CULTURE', 'Amount', '10'),
('TRAIT_MUSEUM_ARTIFACT_CITY_CULTURE', 'YieldType', 'YIELD_CULTURE'),
('TRAIT_BROADCAST_CENTER_CITY_CULTURE', 'Amount', '10'),
('TRAIT_BROADCAST_CENTER_CITY_CULTURE', 'YieldType', 'YIELD_CULTURE');

-- RequirementSets
INSERT INTO RequirementSets (RequirementSetId, RequirementSetType) VALUES
('CITY_HAS_AMPHITHEATER', 'REQUIREMENTSET_TEST_ALL'),
('CITY_HAS_MUSEUM_ART', 'REQUIREMENTSET_TEST_ALL'),
('CITY_HAS_MUSEUM_ARTIFACT', 'REQUIREMENTSET_TEST_ALL'),
('CITY_HAS_BROADCAST_CENTER', 'REQUIREMENTSET_TEST_ALL');
INSERT INTO RequirementSetRequirements (RequirementSetId, RequirementId) VALUES
('CITY_HAS_AMPHITHEATER', 'REQUIREMENT_CITY_HAS_AMPHITHEATER'),
('CITY_HAS_MUSEUM_ART', 'REQUIREMENT_CITY_HAS_MUSEUM_ART'),
('CITY_HAS_MUSEUM_ARTIFACT', 'REQUIREMENT_CITY_HAS_MUSEUM_ARTIFACT'),
('CITY_HAS_BROADCAST_CENTER', 'REQUIREMENT_CITY_HAS_BROADCAST_CENTER');

-- Requirements
INSERT INTO Requirements (RequirementId, RequirementType) VALUES
('REQUIREMENT_CITY_HAS_AMPHITHEATER', 'REQUIREMENT_CITY_HAS_BUILDING'),
('REQUIREMENT_CITY_HAS_MUSEUM_ART', 'REQUIREMENT_CITY_HAS_BUILDING'),
('REQUIREMENT_CITY_HAS_MUSEUM_ARTIFACT', 'REQUIREMENT_CITY_HAS_BUILDING'),
('REQUIREMENT_CITY_HAS_BROADCAST_CENTER', 'REQUIREMENT_CITY_HAS_BUILDING');
INSERT INTO RequirementArguments (RequirementId, Name, Value) VALUES
('REQUIREMENT_CITY_HAS_AMPHITHEATER', 'BuildingType', 'BUILDING_AMPHITHEATER'),
('REQUIREMENT_CITY_HAS_MUSEUM_ART', 'BuildingType', 'BUILDING_MUSEUM_ART'),
('REQUIREMENT_CITY_HAS_MUSEUM_ARTIFACT', 'BuildingType', 'BUILDING_MUSEUM_ARTIFACT'),
('REQUIREMENT_CITY_HAS_BROADCAST_CENTER', 'BuildingType', 'BUILDING_BROADCAST_CENTER');

--Black queen: SPY AND TRADER +2 sight (HD)
insert or replace into Types (Type,	Kind) values
('ABILITY_SPY_AND_TRADER_BONUS_SIGHT', 'KIND_ABILITY');
insert or replace into TypeTags (Type, Tag) values
('ABILITY_SPY_AND_TRADER_BONUS_SIGHT', 'CLASS_SPY'),
('ABILITY_SPY_AND_TRADER_BONUS_SIGHT', 'CLASS_TRADER');
insert or replace into UnitAbilities (UnitAbilityType, Name, Description, Inactive) values
('ABILITY_SPY_AND_TRADER_BONUS_SIGHT', NULL, NULL, 1);
insert or replace into UnitAbilityModifiers (UnitAbilityType, ModifierId) values
('ABILITY_SPY_AND_TRADER_BONUS_SIGHT', 'CATHERINE_BONUS_SIGHT');
insert or replace into Modifiers(ModifierId, ModifierType, Permanent)values
('CATHERINE_BONUS_SIGHT', 'MODIFIER_PLAYER_UNIT_ADJUST_SIGHT', 1);
insert or replace into ModifierArguments (ModifierId, Name,	Value) values
('CATHERINE_BONUS_SIGHT', 'Amount',	2);

insert or replace into TraitModifiers (TraitType, ModifierId) values
('FLYING_SQUADRON_TRAIT', 'SPY_AND_TRADER_BONUS_SIGHT');
insert or replace into Modifiers (ModifierId, ModifierType, Permanent) values
('SPY_AND_TRADER_BONUS_SIGHT', 'MODIFIER_PLAYER_UNITS_GRANT_ABILITY', 1);
insert or replace into ModifierArguments (ModifierId, Name,	Value) values
('SPY_AND_TRADER_BONUS_SIGHT', 'AbilityType', 'ABILITY_SPY_AND_TRADER_BONUS_SIGHT');