--Indonesia BUFF

UPDATE Traits SET Description = 'LOC_TRAIT_CIVILIZATION_INDONESIA_NUSANTARA_DESCRIPTION_ZJ' WHERE TraitType = 'TRAIT_CIVILIZATION_INDONESIA_NUSANTARA';
UPDATE Traits SET Description = 'LOC_TRAIT_LEADER_EXALTED_GODDESS_DESCRIPTION_ZJ' WHERE TraitType = 'TRAIT_LEADER_EXALTED_GODDESS';

INSERT OR REPLACE INTO StartBiasFeatures (CivilizationType, FeatureType, Tier) VALUES
('CIVILIZATION_INDONESIA', 'FEATURE_REEF', '1');

--Reef provide adjacency to distrcts
INSERT INTO TraitModifiers (TraitType, ModifierId) VALUES 
('TRAIT_CIVILIZATION_INDONESIA_NUSANTARA', 'TRAIT_NUSANTARA_REEF_HOLY_SITE'),
('TRAIT_CIVILIZATION_INDONESIA_NUSANTARA', 'TRAIT_NUSANTARA_REEF_CAMPUS'),
('TRAIT_CIVILIZATION_INDONESIA_NUSANTARA', 'TRAIT_NUSANTARA_REEF_INDUSTRIAL_ZONE'),
('TRAIT_CIVILIZATION_INDONESIA_NUSANTARA', 'TRAIT_NUSANTARA_REEF_THEATER');

INSERT INTO Modifiers (ModifierId, ModifierType, RunOnce, Permanent, NewOnly, OwnerRequirementSetId, SubjectRequirementSetId) VALUES 
('TRAIT_NUSANTARA_REEF_HOLY_SITE', 'MODIFIER_PLAYER_CITIES_FEATURE_ADJACENCY', 0, 0, 0, NULL, NULL),
('TRAIT_NUSANTARA_REEF_CAMPUS', 'MODIFIER_PLAYER_CITIES_FEATURE_ADJACENCY', 0, 0, 0, NULL, NULL),
('TRAIT_NUSANTARA_REEF_INDUSTRIAL_ZONE', 'MODIFIER_PLAYER_CITIES_FEATURE_ADJACENCY', 0, 0, 0, NULL, NULL),
('TRAIT_NUSANTARA_REEF_THEATER', 'MODIFIER_PLAYER_CITIES_FEATURE_ADJACENCY', 0, 0, 0, NULL, NULL);

INSERT INTO ModifierArguments (ModifierId, Name, Value) VALUES 
('TRAIT_NUSANTARA_REEF_HOLY_SITE', 'DistrictType', 'DISTRICT_HOLY_SITE'),
('TRAIT_NUSANTARA_REEF_HOLY_SITE', 'FeatureType', 'FEATURE_REEF'),
('TRAIT_NUSANTARA_REEF_HOLY_SITE', 'YieldType', 'YIELD_FAITH'),
('TRAIT_NUSANTARA_REEF_HOLY_SITE', 'Amount', '1'),
('TRAIT_NUSANTARA_REEF_HOLY_SITE', 'TilesRequired', '1'),
('TRAIT_NUSANTARA_REEF_HOLY_SITE', 'Description', 'LOC_NUSANTARA_REEF_FAITH_ZJ'),
('TRAIT_NUSANTARA_REEF_CAMPUS', 'DistrictType', 'DISTRICT_CAMPUS'),
('TRAIT_NUSANTARA_REEF_CAMPUS', 'FeatureType', 'FEATURE_REEF'),
('TRAIT_NUSANTARA_REEF_CAMPUS', 'YieldType', 'YIELD_SCIENCE'),
('TRAIT_NUSANTARA_REEF_CAMPUS', 'Amount', '1'),
('TRAIT_NUSANTARA_REEF_CAMPUS', 'TilesRequired', '1'),
('TRAIT_NUSANTARA_REEF_CAMPUS', 'Description', 'LOC_NUSANTARA_REEF_SCIENCE_ZJ'),
('TRAIT_NUSANTARA_REEF_INDUSTRIAL_ZONE', 'DistrictType', 'DISTRICT_INDUSTRIAL_ZONE'),
('TRAIT_NUSANTARA_REEF_INDUSTRIAL_ZONE', 'FeatureType', 'FEATURE_REEF'),
('TRAIT_NUSANTARA_REEF_INDUSTRIAL_ZONE', 'YieldType', 'YIELD_PRODUCTION'),
('TRAIT_NUSANTARA_REEF_INDUSTRIAL_ZONE', 'Amount', '1'),
('TRAIT_NUSANTARA_REEF_INDUSTRIAL_ZONE', 'TilesRequired', '1'),
('TRAIT_NUSANTARA_REEF_INDUSTRIAL_ZONE', 'Description', 'LOC_NUSANTARA_REEF_PRODUCTION_ZJ'),
('TRAIT_NUSANTARA_REEF_THEATER', 'DistrictType', 'DISTRICT_THEATER'),
('TRAIT_NUSANTARA_REEF_THEATER', 'FeatureType', 'FEATURE_REEF'),
('TRAIT_NUSANTARA_REEF_THEATER', 'YieldType', 'YIELD_CULTURE'),
('TRAIT_NUSANTARA_REEF_THEATER', 'Amount', '1'),
('TRAIT_NUSANTARA_REEF_THEATER', 'TilesRequired', '1'),
('TRAIT_NUSANTARA_REEF_THEATER', 'Description', 'LOC_NUSANTARA_REEF_CULTURE_ZJ');

--District adjust to coast +2 faith and can purchase harbor building with faith
UPDATE Modifiers SET SubjectRequirementSetId = 'PLOT_IS_OR_ADJACENT_TO_COAST' WHERE ModifierId = 'TRAIT_FAITH_CITY_CENTER';

INSERT INTO TraitModifiers (TraitType, ModifierId) VALUES 
('TRAIT_LEADER_EXALTED_GODDESS', 'TRAIT_PURCHASE_HARBOR_BUILDINGS_FAITH');

INSERT INTO Modifiers (ModifierId, ModifierType, RunOnce, Permanent, NewOnly, OwnerRequirementSetId, SubjectRequirementSetId) VALUES 
('TRAIT_PURCHASE_HARBOR_BUILDINGS_FAITH', 'MODIFIER_PLAYER_CITIES_ENABLE_BUILDING_FAITH_PURCHASE', 0, 0, 0, NULL, 'PLOT_IS_OR_ADJACENT_TO_COAST');
INSERT INTO ModifierArguments (ModifierId, Name, Value) VALUES 
('TRAIT_PURCHASE_HARBOR_BUILDINGS_FAITH', 'DistrictType', 'DISTRICT_HARBOR');

--Kampung can build on reef
INSERT INTO Improvement_ValidFeatures (ImprovementType, FeatureType) VALUES
('IMPROVEMENT_KAMPUNG', 'FEATURE_REEF');