--Indonesia BUFF

INSERT OR REPLACE INTO StartBiasFeatures (CivilizationType, FeatureType, Tier) VALUES
('CIVILIZATION_INDONESIA', 'FEATURE_REEF', '2');


--coast provide stander adjacency
update ModifierArguments set Value = 1 where ModifierId = 'TRAIT_NUSANTARA_COAST_HOLY_SITE' and Name = 'TilesRequired';
update ModifierArguments set Value = 1 where ModifierId = 'TRAIT_NUSANTARA_COAST_CAMPUS' and Name = 'TilesRequired';
update ModifierArguments set Value = 1 where ModifierId = 'TRAIT_NUSANTARA_COAST_INDUSTRIAL_ZONE' and Name = 'TilesRequired';
update ModifierArguments set Value = 1 where ModifierId = 'TRAIT_NUSANTARA_COAST_THEATER' and Name = 'TilesRequired';

--coast provide stander adjacency to COMMERCIAL_HUB as well
INSERT INTO TraitModifiers (TraitType, ModifierId) VALUES 
('TRAIT_CIVILIZATION_INDONESIA_NUSANTARA', 'TRAIT_NUSANTARA_COAST_COMMERCIAL_HUB');
INSERT INTO Modifiers (ModifierId, ModifierType, RunOnce, Permanent, NewOnly, OwnerRequirementSetId, SubjectRequirementSetId) VALUES 
('TRAIT_NUSANTARA_COAST_COMMERCIAL_HUB', 'MODIFIER_PLAYER_CITIES_TERRAIN_ADJACENCY', 0, 0, 0, NULL, NULL);
INSERT INTO ModifierArguments (ModifierId, Name, Value) VALUES 
('TRAIT_NUSANTARA_COAST_COMMERCIAL_HUB', 'DistrictType', 'DISTRICT_COMMERCIAL_HUB'),
('TRAIT_NUSANTARA_COAST_COMMERCIAL_HUB', 'TerrainType', 'TERRAIN_COAST'),
('TRAIT_NUSANTARA_COAST_COMMERCIAL_HUB', 'YieldType', 'YIELD_GOLD'),
('TRAIT_NUSANTARA_COAST_COMMERCIAL_HUB', 'Amount', '1'),
('TRAIT_NUSANTARA_COAST_COMMERCIAL_HUB', 'TilesRequired', '1'),
('TRAIT_NUSANTARA_COAST_COMMERCIAL_HUB', 'Description', 'LOC_DISTRICT_NUSANTARA_GOLD_ZJ');

--City Centers gain +1 food from coast and +2 production from reff ajusted
INSERT INTO TraitModifiers (TraitType, ModifierId) VALUES 
('TRAIT_LEADER_EXALTED_GODDESS', 'TRAIT_COAST_CITY_CENTER_FOOD'),
('TRAIT_LEADER_EXALTED_GODDESS', 'TRAIT_REEF_CITY_CENTER_PRODUCTION');

INSERT INTO Modifiers (ModifierId, ModifierType, RunOnce, Permanent, NewOnly, OwnerRequirementSetId, SubjectRequirementSetId) VALUES 
('TRAIT_COAST_CITY_CENTER_FOOD', 'MODIFIER_PLAYER_CITIES_TERRAIN_ADJACENCY', 0, 0, 0, NULL, NULL),
('TRAIT_REEF_CITY_CENTER_PRODUCTION', 'MODIFIER_PLAYER_CITIES_FEATURE_ADJACENCY', 0, 0, 0, NULL, NULL);

INSERT INTO ModifierArguments (ModifierId, Name, Value) VALUES 
('TRAIT_COAST_CITY_CENTER_FOOD', 'DistrictType', 'DISTRICT_CITY_CENTER'),
('TRAIT_COAST_CITY_CENTER_FOOD', 'TerrainType', 'TERRAIN_COAST'),
('TRAIT_COAST_CITY_CENTER_FOOD', 'YieldType', 'YIELD_FOOD'),
('TRAIT_COAST_CITY_CENTER_FOOD', 'Amount', '1'), 
('TRAIT_COAST_CITY_CENTER_FOOD', 'TilesRequired', '1'),
('TRAIT_COAST_CITY_CENTER_FOOD', 'Description', 'LOC_CITY_CENTER_COAST_FOOD_ZJ'),

('TRAIT_REEF_CITY_CENTER_PRODUCTION', 'DistrictType', 'DISTRICT_CITY_CENTER'),
('TRAIT_REEF_CITY_CENTER_PRODUCTION', 'FeatureType', 'FEATURE_REEF'),
('TRAIT_REEF_CITY_CENTER_PRODUCTION', 'YieldType', 'YIELD_PRODUCTION'),
('TRAIT_REEF_CITY_CENTER_PRODUCTION', 'Amount', '2'), 
('TRAIT_REEF_CITY_CENTER_PRODUCTION', 'TilesRequired', '1'),
('TRAIT_REEF_CITY_CENTER_PRODUCTION', 'Description', 'LOC_CITY_CENTER_COAST_PRODUCTION_ZJ');

--CELESTIAL UNLOCK SHIPBUILDING
INSERT INTO TechnologyModifiers (TechnologyType, ModifierId) VALUES 
('TECH_CELESTIAL_NAVIGATION', 'CELESTIAL_UNLOCK_SHIPBUILDING');
INSERT INTO Modifiers (ModifierId, ModifierType, RunOnce, Permanent, NewOnly, OwnerRequirementSetId, SubjectRequirementSetId) VALUES 
('CELESTIAL_UNLOCK_SHIPBUILDING', 'MODIFIER_PLAYER_GRANT_SPECIFIC_TECHNOLOGY', 0, 0, 0, NULL, 'INDONESIA_REQUIREMENTS');
INSERT INTO ModifierArguments (ModifierId, Name, Value) VALUES 
('CELESTIAL_UNLOCK_SHIPBUILDING', 'TechType', 'TECH_SHIPBUILDING');

--Requirements
INSERT INTO Requirements (RequirementId, RequirementType) VALUES 
('PLAYER_IS_INDONESIA', 'REQUIREMENT_PLAYER_TYPE_MATCHES');
INSERT INTO RequirementArguments (RequirementId, Name, Value) VALUES 
('PLAYER_IS_INDONESIA', 'CivilizationType', 'CIVILIZATION_INDONESIA');
INSERT INTO RequirementSets (RequirementSetId,RequirementSetType) values
('INDONESIA_REQUIREMENTS', 'REQUIREMENTSET_TEST_ALL');
INSERT INTO RequirementSetRequirements (RequirementSetId, RequirementId) VALUES 
('INDONESIA_REQUIREMENTS', 'PLAYER_IS_INDONESIA');



UPDATE Traits SET Description = 'LOC_TRAIT_CIVILIZATION_INDONESIA_NUSANTARA_DESCRIPTION_ZJ' WHERE TraitType = 'TRAIT_CIVILIZATION_INDONESIA_NUSANTARA';
UPDATE Traits SET Description = 'LOC_TRAIT_LEADER_EXALTED_GODDESS_DESCRIPTION_ZJ' WHERE TraitType = 'TRAIT_LEADER_EXALTED_GODDESS';