--Persia
-- UPDATE Units
--     SET Combat=36
--     WHERE UnitType='unit_persian_immortal';

-- UPDATE ModifierArguments 
--     SET Value=3
--     WHERE ModifierId='TRAIT_SATRAPIES_INTERNAL_TRADE_GOLD' AND Name='Amount';
    
INSERT OR REPLACE INTO TraitModifiers (TraitType, ModifierId) VALUES 
('TRAIT_CIVILIZATION_SATRAPIES', 'PAIRIDAEZA_GOVERNOR_POINTS'),
('TRAIT_CIVILIZATION_SATRAPIES', 'TRAIT_TRADE_CULTURE_FROM_PAIRIDAEZA');
INSERT INTO Modifiers (ModifierId, ModifierType, RunOnce, Permanent, NewOnly, OwnerRequirementSetId, SubjectRequirementSetId) VALUES 
('TRAIT_TRADE_CULTURE_FROM_PAIRIDAEZA', 'MODIFIER_PLAYER_ADJUST_TRADE_ROUTE_YIELD_PER_IMPROVEMENT_IN_TARGET', 0, 0, 0, NULL, NULL);
INSERT INTO ModifierArguments (ModifierId, Name, Value) VALUES 
('TRAIT_TRADE_CULTURE_FROM_PAIRIDAEZA', 'Amount', '1'), 
('TRAIT_TRADE_CULTURE_FROM_PAIRIDAEZA', 'ImprovementType', 'IMPROVEMENT_PAIRIDAEZA'), 
('TRAIT_TRADE_CULTURE_FROM_PAIRIDAEZA', 'Origin', 'true'), 
('TRAIT_TRADE_CULTURE_FROM_PAIRIDAEZA', 'YieldType', 'YIELD_CULTURE');

INSERT OR REPLACE INTO Improvement_ValidFeatures(ImprovementType, FeatureType)VALUES
('IMPROVEMENT_PAIRIDAEZA', 'FEATURE_FLOODPLAINS'),
('IMPROVEMENT_PAIRIDAEZA', 'FEATURE_FLOODPLAINS_GRASSLAND'),
('IMPROVEMENT_PAIRIDAEZA', 'FEATURE_FLOODPLAINS_PLAINS');
INSERT INTO Modifiers (ModifierId, ModifierType, RunOnce, Permanent, NewOnly, OwnerRequirementSetId, SubjectRequirementSetId) VALUES 
('PAIRIDAEZA_GOVERNOR_POINTS', 'MODIFIER_PLAYER_ADJUST_GOVERNOR_POINTS', 0, 1, 0, NULL, 'PLAYER_HAS_PAIRIDAEZA');
INSERT INTO ModifierArguments (ModifierId, Name, Value) VALUES 
('PAIRIDAEZA_GOVERNOR_POINTS', 'Delta', '1');

--Persia (Cyrus)
UPDATE TraitModifiers SET ModifierId='TRAIT_PRODUCTION_POPULATION' WHERE TraitType='TRAIT_LEADER_FALL_BABYLON' AND ModifierId='TRAIT_ADDITIONAL_MARTIAL_LAW';
UPDATE TraitModifiers SET ModifierId='TRAIT_PRODUCTION_POPULATION_APPRENTICESHIP' WHERE TraitType='TRAIT_LEADER_FALL_BABYLON' AND ModifierId='TRAIT_FALLBABYLON_SURPRISE_MOVEMENT';
UPDATE TraitModifiers SET ModifierId='TRAIT_PRODUCTION_POPULATION_INDUSTRIALIZATION' WHERE TraitType='TRAIT_LEADER_FALL_BABYLON' AND ModifierId='TRAIT_FALLBABYLON_WARMONGER_MAX';
INSERT INTO Modifiers (ModifierId, ModifierType, RunOnce, Permanent, NewOnly, OwnerRequirementSetId, SubjectRequirementSetId) VALUES 
('TRAIT_PRODUCTION_POPULATION', 'MODIFIER_PLAYER_CITIES_ADJUST_CITY_YIELD_PER_POPULATION', 0, 0, 0, NULL, 'CITY_HAS_GOVERNOR'),
('TRAIT_PRODUCTION_POPULATION_APPRENTICESHIP', 'MODIFIER_PLAYER_CITIES_ADJUST_CITY_YIELD_PER_POPULATION', 0, 0, 0, NULL, 'REQUIREMENT_CITY_HAS_GOVERNOR_PLAYER_HAS_APPRENTICESHIP'),
('TRAIT_PRODUCTION_POPULATION_INDUSTRIALIZATION', 'MODIFIER_PLAYER_CITIES_ADJUST_CITY_YIELD_PER_POPULATION', 0, 0, 0, NULL, 'REQUIREMENT_CITY_HAS_GOVERNOR_PLAYER_HAS_INDUSTRIALIZATION');
INSERT INTO ModifierArguments (ModifierId, Name, Value) VALUES 
('TRAIT_PRODUCTION_POPULATION', 'YieldType', 'YIELD_PRODUCTION'), 
('TRAIT_PRODUCTION_POPULATION', 'Amount', '0.6'), 
('TRAIT_PRODUCTION_POPULATION_APPRENTICESHIP', 'YieldType', 'YIELD_PRODUCTION'), 
('TRAIT_PRODUCTION_POPULATION_APPRENTICESHIP', 'Amount', '0.3'), 
('TRAIT_PRODUCTION_POPULATION_INDUSTRIALIZATION', 'YieldType', 'YIELD_PRODUCTION'), 
('TRAIT_PRODUCTION_POPULATION_INDUSTRIALIZATION', 'Amount', '0.5');

INSERT INTO RequirementSets (RequirementSetId, RequirementSetType) VALUES 
('PLAYER_HAS_PAIRIDAEZA', 'REQUIREMENTSET_TEST_ALL'),
('REQUIREMENT_CITY_HAS_GOVERNOR_PLAYER_HAS_APPRENTICESHIP', 'REQUIREMENTSET_TEST_ALL'),
('REQUIREMENT_CITY_HAS_GOVERNOR_PLAYER_HAS_INDUSTRIALIZATION', 'REQUIREMENTSET_TEST_ALL');
INSERT INTO RequirementSetRequirements (RequirementSetId, RequirementId) VALUES 
('PLAYER_HAS_PAIRIDAEZA', 'REQUIRES_PLAYER_HAS_PAIRIDAEZA'),
('REQUIREMENT_CITY_HAS_GOVERNOR_PLAYER_HAS_APPRENTICESHIP', 'REQUIRES_CITY_HAS_GOVERNOR'),
('REQUIREMENT_CITY_HAS_GOVERNOR_PLAYER_HAS_APPRENTICESHIP', 'PLAYER_HAS_TECH_APPRENTICESHIP'),
('REQUIREMENT_CITY_HAS_GOVERNOR_PLAYER_HAS_INDUSTRIALIZATION', 'REQUIRES_CITY_HAS_GOVERNOR'),
('REQUIREMENT_CITY_HAS_GOVERNOR_PLAYER_HAS_INDUSTRIALIZATION', 'PLAYER_HAS_TECH_INDUSTRIALIZATION');
INSERT INTO Requirements (RequirementId, RequirementType) VALUES 
('REQUIRES_PLAYER_HAS_PAIRIDAEZA', 'REQUIREMENT_PLAYER_HAS_IMPROVEMENT');
INSERT INTO RequirementArguments (RequirementId, Name, Value) VALUES 
('REQUIRES_PLAYER_HAS_PAIRIDAEZA', 'ImprovementType', 'IMPROVEMENT_PAIRIDAEZA');


UPDATE Traits SET Description = 'LOC_TRAIT_CIVILIZATION_SATRAPIES_DESCRIPTION_ZJ' WHERE TraitType = 'TRAIT_CIVILIZATION_SATRAPIES';
UPDATE Traits SET Description = 'LOC_TRAIT_LEADER_FALL_BABYLON_EXPANSION2_DESCRIPTION_ZJ' WHERE TraitType = 'TRAIT_LEADER_FALL_BABYLON';
UPDATE Improvements SET Description = 'LOC_IMPROVEMENT_PAIRIDAEZA_DESCRIPTION_ZJ' WHERE ImprovementType = 'IMPROVEMENT_PAIRIDAEZA';